pair	system	metric	score
ha-en	Online-B	bleu-all	18.655658386586175
ha-en	Online-B	chrf-all	0.4665821558973982
ha-en	Online-B	bleu-A	18.655658386586175
ha-en	Online-B	chrf-A	0.4665821558973982
ha-en	NiuTrans	bleu-all	16.512242686170477
ha-en	NiuTrans	chrf-all	0.4472476610676859
ha-en	NiuTrans	bleu-A	16.512242686170477
ha-en	NiuTrans	chrf-A	0.4472476610676859
ha-en	TRANSSION	bleu-all	18.834851157068947
ha-en	TRANSSION	chrf-all	0.4723827941663312
ha-en	TRANSSION	bleu-A	18.834851157068947
ha-en	TRANSSION	chrf-A	0.4723827941663312
ha-en	ZMT	bleu-all	18.837022728891235
ha-en	ZMT	chrf-all	0.47231473881237324
ha-en	ZMT	bleu-A	18.837022728891235
ha-en	ZMT	chrf-A	0.47231473881237324
ha-en	Online-Y	bleu-all	13.898531329370583
ha-en	Online-Y	chrf-all	0.44842874432536106
ha-en	Online-Y	bleu-A	13.898531329370583
ha-en	Online-Y	chrf-A	0.44842874432536106
ha-en	AMU	bleu-all	14.132845020089038
ha-en	AMU	chrf-all	0.41256569931047155
ha-en	AMU	bleu-A	14.132845020089038
ha-en	AMU	chrf-A	0.41256569931047155
ha-en	TWB	bleu-all	12.326442718689176
ha-en	TWB	chrf-all	0.40282629208468085
ha-en	TWB	bleu-A	12.326442718689176
ha-en	TWB	chrf-A	0.40282629208468085
ha-en	UEdin	bleu-all	14.887835790629007
ha-en	UEdin	chrf-all	0.42247415297561663
ha-en	UEdin	bleu-A	14.887835790629007
ha-en	UEdin	chrf-A	0.42247415297561663
ha-en	P3AI	bleu-all	17.793617378128875
ha-en	P3AI	chrf-all	0.46307402365121403
ha-en	P3AI	bleu-A	17.793617378128875
ha-en	P3AI	chrf-A	0.46307402365121403
ha-en	GTCOM	bleu-all	17.79427161670506
ha-en	GTCOM	chrf-all	0.4671483058222165
ha-en	GTCOM	bleu-A	17.79427161670506
ha-en	GTCOM	chrf-A	0.4671483058222165
ha-en	Manifold	bleu-all	16.943915209730182
ha-en	Manifold	chrf-all	0.4563835646403149
ha-en	Manifold	bleu-A	16.943915209730182
ha-en	Manifold	chrf-A	0.4563835646403149
ha-en	HuaweiTSC	bleu-all	17.492439721334712
ha-en	HuaweiTSC	chrf-all	0.46795736600685595
ha-en	HuaweiTSC	bleu-A	17.492439721334712
ha-en	HuaweiTSC	chrf-A	0.46795736600685595
ha-en	Facebook-AI	bleu-all	20.98270386271869
ha-en	Facebook-AI	chrf-all	0.48653769560105053
ha-en	Facebook-AI	bleu-A	20.98270386271869
ha-en	Facebook-AI	chrf-A	0.48653769560105053
ha-en	MS-EgDC	bleu-all	17.133349821070755
ha-en	MS-EgDC	chrf-all	0.45266273686943553
ha-en	MS-EgDC	bleu-A	17.133349821070755
ha-en	MS-EgDC	chrf-A	0.45266273686943553
en-zh	Lan-Bridge-MT	bleu-all	44.551000017539096
en-zh	Lan-Bridge-MT	chrf-all	0.3004183818514546
en-zh	Lan-Bridge-MT	bleu-B	31.254522582991406
en-zh	Lan-Bridge-MT	chrf-B	0.3004183818514546
en-zh	Lan-Bridge-MT	bleu-A	32.58489800200047
en-zh	Lan-Bridge-MT	chrf-A	0.32012817596989385
en-zh	Borderline	bleu-all	49.231899944984505
en-zh	Borderline	chrf-all	0.2893899303808027
en-zh	Borderline	bleu-B	33.22248159928337
en-zh	Borderline	chrf-B	0.2893899303808027
en-zh	Borderline	bleu-A	36.513940908891534
en-zh	Borderline	chrf-A	0.31262764560063916
en-zh	UF	bleu-all	45.25630631638996
en-zh	UF	chrf-all	0.2772821684911343
en-zh	UF	bleu-B	31.4337621376679
en-zh	UF	chrf-B	0.2772821684911343
en-zh	UF	bleu-A	33.12617719628919
en-zh	UF	chrf-A	0.2876157930560048
en-zh	Facebook-AI	bleu-all	49.93415574218041
en-zh	Facebook-AI	chrf-all	0.3308310358845302
en-zh	Facebook-AI	bleu-B	35.28849324209287
en-zh	Facebook-AI	chrf-B	0.3308310358845302
en-zh	Facebook-AI	bleu-A	35.94159071725174
en-zh	Facebook-AI	chrf-A	0.3431009346153653
en-zh	NJUSC_TSC	bleu-all	46.308854065167324
en-zh	NJUSC_TSC	chrf-all	0.2905202713258195
en-zh	NJUSC_TSC	bleu-B	31.914674188017578
en-zh	NJUSC_TSC	chrf-B	0.2905202713258195
en-zh	NJUSC_TSC	bleu-A	34.23941723605299
en-zh	NJUSC_TSC	chrf-A	0.31182895004928113
en-zh	ephemeraler	bleu-all	44.03965389764917
en-zh	ephemeraler	chrf-all	0.27296804596474383
en-zh	ephemeraler	bleu-B	30.242586572108177
en-zh	ephemeraler	chrf-B	0.27296804596474383
en-zh	ephemeraler	bleu-A	32.57174867786111
en-zh	ephemeraler	chrf-A	0.2866119416375322
en-zh	Online-B	bleu-all	48.48999047659073
en-zh	Online-B	chrf-all	0.2989818862105517
en-zh	Online-B	bleu-B	33.14301296088146
en-zh	Online-B	chrf-B	0.2989818862105517
en-zh	Online-B	bleu-A	36.02030032157105
en-zh	Online-B	chrf-A	0.3207746585499881
en-zh	SMU	bleu-all	47.88356968610014
en-zh	SMU	chrf-all	0.2801137036911378
en-zh	SMU	bleu-B	32.487742570907265
en-zh	SMU	chrf-B	0.2801137036911378
en-zh	SMU	bleu-A	35.81137139303141
en-zh	SMU	chrf-A	0.3059596680477042
en-zh	NiuTrans	bleu-all	48.11823763568443
en-zh	NiuTrans	chrf-all	0.28233506182047097
en-zh	NiuTrans	bleu-B	32.886772280984374
en-zh	NiuTrans	chrf-B	0.28233506182047097
en-zh	NiuTrans	bleu-A	35.80217496284626
en-zh	NiuTrans	chrf-A	0.3054558973411605
en-zh	Online-A	bleu-all	43.295920689155345
en-zh	Online-A	chrf-all	0.26054193272293447
en-zh	Online-A	bleu-B	30.131562384473753
en-zh	Online-A	chrf-B	0.26054193272293447
en-zh	Online-A	bleu-A	31.55976251695928
en-zh	Online-A	chrf-A	0.26360707153313545
en-zh	happypoet	bleu-all	43.50595500258034
en-zh	happypoet	chrf-all	0.25939680477304694
en-zh	happypoet	bleu-B	29.722055884703014
en-zh	happypoet	chrf-B	0.25939680477304694
en-zh	happypoet	bleu-A	32.524868914498974
en-zh	happypoet	chrf-A	0.2767010959137066
en-zh	movelikeajaguar	bleu-all	43.66584147254004
en-zh	movelikeajaguar	chrf-all	0.25993635291238926
en-zh	movelikeajaguar	bleu-B	29.717729278538393
en-zh	movelikeajaguar	chrf-B	0.25993635291238926
en-zh	movelikeajaguar	bleu-A	32.70533018429786
en-zh	movelikeajaguar	chrf-A	0.27970019261172824
en-zh	ICL	bleu-all	47.46616411676272
en-zh	ICL	chrf-all	0.29996625928473164
en-zh	ICL	bleu-B	33.32019705481978
en-zh	ICL	chrf-B	0.29996625928473164
en-zh	ICL	bleu-A	34.766461954945406
en-zh	ICL	chrf-A	0.31703445691318966
en-zh	Machine_Translation	bleu-all	47.71005626872112
en-zh	Machine_Translation	chrf-all	0.2752804421368
en-zh	Machine_Translation	bleu-B	32.282278646679764
en-zh	Machine_Translation	chrf-B	0.2752804421368
en-zh	Machine_Translation	bleu-A	35.46083680129212
en-zh	Machine_Translation	chrf-A	0.2935081300714488
en-zh	nuclear_trans	bleu-all	44.6560235458882
en-zh	nuclear_trans	chrf-all	0.26082697191856724
en-zh	nuclear_trans	bleu-B	30.5088081497566
en-zh	nuclear_trans	chrf-B	0.26082697191856724
en-zh	nuclear_trans	bleu-A	33.35729927063884
en-zh	nuclear_trans	chrf-A	0.28394177544487464
en-zh	Online-Y	bleu-all	43.945893178684955
en-zh	Online-Y	chrf-all	0.27103157481220586
en-zh	Online-Y	bleu-B	30.904646310673648
en-zh	Online-Y	chrf-B	0.27103157481220586
en-zh	Online-Y	bleu-A	31.96693692992776
en-zh	Online-Y	chrf-A	0.28064227906242417
en-zh	Online-W	bleu-all	44.83149108729311
en-zh	Online-W	chrf-all	0.2770722728267264
en-zh	Online-W	bleu-B	30.90561085832951
en-zh	Online-W	chrf-B	0.2770722728267264
en-zh	Online-W	bleu-A	33.427897625240455
en-zh	Online-W	chrf-A	0.3028734675574851
en-zh	HappyNewYear	bleu-all	48.01447036685407
en-zh	HappyNewYear	chrf-all	0.2775706639261918
en-zh	HappyNewYear	bleu-B	32.0646552772793
en-zh	HappyNewYear	chrf-B	0.2775706639261918
en-zh	HappyNewYear	bleu-A	35.6966292945705
en-zh	HappyNewYear	chrf-A	0.3001807091948736
en-zh	HuaweiTSC	bleu-all	47.404675925182985
en-zh	HuaweiTSC	chrf-all	0.2792162830369539
en-zh	HuaweiTSC	bleu-B	32.26803706306602
en-zh	HuaweiTSC	chrf-B	0.2792162830369539
en-zh	HuaweiTSC	bleu-A	35.060878444417206
en-zh	HuaweiTSC	chrf-A	0.2981973191745943
en-zh	BUPT_rush	bleu-all	44.68902795212504
en-zh	BUPT_rush	chrf-all	0.27809187355633685
en-zh	BUPT_rush	bleu-B	31.073456626959114
en-zh	BUPT_rush	chrf-B	0.27809187355633685
en-zh	BUPT_rush	bleu-A	33.07203177891996
en-zh	BUPT_rush	chrf-A	0.296179879271874
en-zh	yyds	bleu-all	48.061696974088605
en-zh	yyds	chrf-all	0.27807512585365307
en-zh	yyds	bleu-B	32.40718395991476
en-zh	yyds	chrf-B	0.27807512585365307
en-zh	yyds	bleu-A	35.86928906714402
en-zh	yyds	chrf-A	0.30239865026490803
en-zh	WeChat-AI	bleu-all	49.245987361018074
en-zh	WeChat-AI	chrf-all	0.30501807357542626
en-zh	WeChat-AI	bleu-B	33.35400160180983
en-zh	WeChat-AI	chrf-B	0.30501807357542626
en-zh	WeChat-AI	bleu-A	36.91758020068849
en-zh	WeChat-AI	chrf-A	0.33739037590788484
en-zh	bjtu_nmt	bleu-all	46.88081355824429
en-zh	bjtu_nmt	chrf-all	0.2739587696397413
en-zh	bjtu_nmt	bleu-B	32.53813108864669
en-zh	bjtu_nmt	chrf-B	0.2739587696397413
en-zh	bjtu_nmt	bleu-A	34.837451760584926
en-zh	bjtu_nmt	chrf-A	0.29510972302630745
en-zh	Online-G	bleu-all	43.159283543637635
en-zh	Online-G	chrf-all	0.28824046560975214
en-zh	Online-G	bleu-B	29.7151802040357
en-zh	Online-G	chrf-B	0.28824046560975214
en-zh	Online-G	bleu-A	31.135116559209795
en-zh	Online-G	chrf-A	0.303637546276651
en-zh	MiSS	bleu-all	48.964594862133
en-zh	MiSS	chrf-all	0.2857398029146823
en-zh	MiSS	bleu-B	33.215449753896635
en-zh	MiSS	chrf-B	0.2857398029146823
en-zh	MiSS	bleu-A	36.18570660479235
en-zh	MiSS	chrf-A	0.30435177260118224
en-zh	windfall	bleu-all	44.16188745166427
en-zh	windfall	chrf-all	0.2687815325640279
en-zh	windfall	bleu-B	30.29422217769456
en-zh	windfall	chrf-B	0.2687815325640279
en-zh	windfall	bleu-A	32.56529291892381
en-zh	windfall	chrf-A	0.2824233594226318
en-zh	P3AI	bleu-all	46.98398207065091
en-zh	P3AI	chrf-all	0.30759435901370213
en-zh	P3AI	bleu-B	33.32527577466032
en-zh	P3AI	chrf-B	0.30759435901370213
en-zh	P3AI	bleu-A	33.975783246341436
en-zh	P3AI	chrf-A	0.31783822509311677
en-zh	capitalmarvel	bleu-all	43.94492833176337
en-zh	capitalmarvel	chrf-all	0.2605135155396127
en-zh	capitalmarvel	bleu-B	30.501245109722447
en-zh	capitalmarvel	chrf-B	0.2605135155396127
en-zh	capitalmarvel	bleu-A	32.1994920080265
en-zh	capitalmarvel	chrf-A	0.2682233931462587
en-zh	ZengHuiMT	bleu-all	48.451160083384956
en-zh	ZengHuiMT	chrf-all	0.28214362888697875
en-zh	ZengHuiMT	bleu-B	32.578291533281046
en-zh	ZengHuiMT	chrf-B	0.28214362888697875
en-zh	ZengHuiMT	bleu-A	35.898959012772245
en-zh	ZengHuiMT	chrf-A	0.30387603222367554
bn-hi	Online-B	bleu-all	24.057271289336036
bn-hi	Online-B	chrf-all	0.5118676496356218
bn-hi	Online-B	bleu-A	24.057271289336036
bn-hi	Online-B	chrf-A	0.5118676496356218
bn-hi	Online-A	bleu-all	21.137886225266744
bn-hi	Online-A	chrf-all	0.4831640437091024
bn-hi	Online-A	bleu-A	21.137886225266744
bn-hi	Online-A	chrf-A	0.4831640437091024
bn-hi	TRANSSION	bleu-all	24.510244479691707
bn-hi	TRANSSION	chrf-all	0.512166009720549
bn-hi	TRANSSION	bleu-A	24.510244479691707
bn-hi	TRANSSION	chrf-A	0.512166009720549
bn-hi	Online-Y	bleu-all	21.463920629439684
bn-hi	Online-Y	chrf-all	0.48806407655172884
bn-hi	Online-Y	bleu-A	21.463920629439684
bn-hi	Online-Y	chrf-A	0.48806407655172884
bn-hi	Online-G	bleu-all	16.685888718816596
bn-hi	Online-G	chrf-all	0.43303152654150523
bn-hi	Online-G	bleu-A	16.685888718816596
bn-hi	Online-G	chrf-A	0.43303152654150523
bn-hi	UEdin	bleu-all	21.748110395491988
bn-hi	UEdin	chrf-all	0.48948546863399234
bn-hi	UEdin	bleu-A	21.748110395491988
bn-hi	UEdin	chrf-A	0.48948546863399234
bn-hi	GTCOM	bleu-all	24.233484277639562
bn-hi	GTCOM	chrf-all	0.5165870579663754
bn-hi	GTCOM	bleu-A	24.233484277639562
bn-hi	GTCOM	chrf-A	0.5165870579663754
bn-hi	HuaweiTSC	bleu-all	21.866100203127747
bn-hi	HuaweiTSC	chrf-all	0.4879149210510197
bn-hi	HuaweiTSC	bleu-A	21.866100203127747
bn-hi	HuaweiTSC	chrf-A	0.4879149210510197
bn-hi	MS-EgDC	bleu-all	21.080659628299607
bn-hi	MS-EgDC	chrf-all	0.4861725511209447
bn-hi	MS-EgDC	bleu-A	21.080659628299607
bn-hi	MS-EgDC	chrf-A	0.4861725511209447
en-ha	Online-B	bleu-all	18.93444580878668
en-ha	Online-B	chrf-all	0.5035335393154032
en-ha	Online-B	bleu-A	18.93444580878668
en-ha	Online-B	chrf-A	0.5035335393154032
en-ha	NiuTrans	bleu-all	19.663499447001907
en-ha	NiuTrans	chrf-all	0.5319635446208253
en-ha	NiuTrans	bleu-A	19.663499447001907
en-ha	NiuTrans	chrf-A	0.5319635446208253
en-ha	TRANSSION	bleu-all	18.87198889235463
en-ha	TRANSSION	chrf-all	0.504198621779002
en-ha	TRANSSION	bleu-A	18.87198889235463
en-ha	TRANSSION	chrf-A	0.504198621779002
en-ha	ZMT	bleu-all	18.848149930763565
en-ha	ZMT	chrf-all	0.5042878133068525
en-ha	ZMT	bleu-A	18.848149930763565
en-ha	ZMT	chrf-A	0.5042878133068525
en-ha	Online-Y	bleu-all	14.952154490171372
en-ha	Online-Y	chrf-all	0.4688524314916496
en-ha	Online-Y	bleu-A	14.952154490171372
en-ha	Online-Y	chrf-A	0.4688524314916496
en-ha	AMU	bleu-all	16.151746017382177
en-ha	AMU	chrf-all	0.46513634746673144
en-ha	AMU	bleu-A	16.151746017382177
en-ha	AMU	chrf-A	0.46513634746673144
en-ha	TWB	bleu-all	17.073038351475873
en-ha	TWB	chrf-all	0.4826289640303048
en-ha	TWB	bleu-A	17.073038351475873
en-ha	TWB	chrf-A	0.4826289640303048
en-ha	UEdin	bleu-all	14.812876559327435
en-ha	UEdin	chrf-all	0.45292845183386643
en-ha	UEdin	bleu-A	14.812876559327435
en-ha	UEdin	chrf-A	0.45292845183386643
en-ha	P3AI	bleu-all	20.438142761579122
en-ha	P3AI	chrf-all	0.5171490832161231
en-ha	P3AI	bleu-A	20.438142761579122
en-ha	P3AI	chrf-A	0.5171490832161231
en-ha	GTCOM	bleu-all	17.871130012839135
en-ha	GTCOM	chrf-all	0.49856963624906225
en-ha	GTCOM	bleu-A	17.871130012839135
en-ha	GTCOM	chrf-A	0.49856963624906225
en-ha	Manifold	bleu-all	18.0443293099328
en-ha	Manifold	chrf-all	0.49508764039848163
en-ha	Manifold	bleu-A	18.0443293099328
en-ha	Manifold	chrf-A	0.49508764039848163
en-ha	HuaweiTSC	bleu-all	20.328437166789733
en-ha	HuaweiTSC	chrf-all	0.5123058504590782
en-ha	HuaweiTSC	bleu-A	20.328437166789733
en-ha	HuaweiTSC	chrf-A	0.5123058504590782
en-ha	Facebook-AI	bleu-all	20.113070186663055
en-ha	Facebook-AI	chrf-all	0.5109051066196516
en-ha	Facebook-AI	bleu-A	20.113070186663055
en-ha	Facebook-AI	chrf-A	0.5109051066196516
en-ha	MS-EgDC	bleu-all	16.1325015547862
en-ha	MS-EgDC	chrf-all	0.4648777897391196
en-ha	MS-EgDC	bleu-A	16.1325015547862
en-ha	MS-EgDC	chrf-A	0.4648777897391196
en-is	Online-B	bleu-all	25.672464906431397
en-is	Online-B	chrf-all	0.5426983948548374
en-is	Online-B	bleu-A	25.672464906431397
en-is	Online-B	chrf-A	0.5426983948548374
en-is	Lan-Bridge-MT	bleu-all	24.940718753373467
en-is	Lan-Bridge-MT	chrf-all	0.5382481489069751
en-is	Lan-Bridge-MT	bleu-A	24.940718753373467
en-is	Lan-Bridge-MT	chrf-A	0.5382481489069751
en-is	Online-A	bleu-all	25.535736167256186
en-is	Online-A	chrf-all	0.5445893112309357
en-is	Online-A	bleu-A	25.535736167256186
en-is	Online-A	chrf-A	0.5445893112309357
en-is	NiuTrans	bleu-all	30.600103899365415
en-is	NiuTrans	chrf-all	0.5747535109525466
en-is	NiuTrans	bleu-A	30.600103899365415
en-is	NiuTrans	chrf-A	0.5747535109525466
en-is	Online-Y	bleu-all	22.40478056427899
en-is	Online-Y	chrf-all	0.5128141130262808
en-is	Online-Y	bleu-A	22.40478056427899
en-is	Online-Y	chrf-A	0.5128141130262808
en-is	Online-G	bleu-all	12.170856075507523
en-is	Online-G	chrf-all	0.4214915800240898
en-is	Online-G	bleu-A	12.170856075507523
en-is	Online-G	chrf-A	0.4214915800240898
en-is	Allegro.eu	bleu-all	22.73067077617579
en-is	Allegro.eu	chrf-all	0.5097181841521049
en-is	Allegro.eu	bleu-A	22.73067077617579
en-is	Allegro.eu	chrf-A	0.5097181841521049
en-is	Manifold	bleu-all	28.618707176026177
en-is	Manifold	chrf-all	0.5615829579081169
en-is	Manifold	bleu-A	28.618707176026177
en-is	Manifold	chrf-A	0.5615829579081169
en-is	HuaweiTSC	bleu-all	27.48417591761785
en-is	HuaweiTSC	chrf-all	0.5544189936949081
en-is	HuaweiTSC	bleu-A	27.48417591761785
en-is	HuaweiTSC	chrf-A	0.5544189936949081
en-is	Facebook-AI	bleu-all	33.28719068646869
en-is	Facebook-AI	chrf-all	0.5959895266326976
en-is	Facebook-AI	bleu-A	33.28719068646869
en-is	Facebook-AI	chrf-A	0.5959895266326976
en-is	Mideind	bleu-all	24.295589992165745
en-is	Mideind	chrf-all	0.5314248102077717
en-is	Mideind	bleu-A	24.295589992165745
en-is	Mideind	chrf-A	0.5314248102077717
en-ja	Online-B	bleu-all	41.634639407203174
en-ja	Online-B	chrf-all	0.35996451613153374
en-ja	Online-B	bleu-A	41.634639407203174
en-ja	Online-B	chrf-A	0.35996451613153374
en-ja	NiuTrans	bleu-all	46.23478329926373
en-ja	NiuTrans	chrf-all	0.3993876518526204
en-ja	NiuTrans	bleu-A	46.23478329926373
en-ja	NiuTrans	chrf-A	0.3993876518526204
en-ja	WeChat-AI	bleu-all	46.86800442998951
en-ja	WeChat-AI	chrf-all	0.4036571385804212
en-ja	WeChat-AI	bleu-A	46.86800442998951
en-ja	WeChat-AI	chrf-A	0.4036571385804212
en-ja	Online-A	bleu-all	40.80762373567917
en-ja	Online-A	chrf-all	0.3503308856263089
en-ja	Online-A	bleu-A	40.80762373567917
en-ja	Online-A	chrf-A	0.3503308856263089
en-ja	Illini	bleu-all	34.30080261855459
en-ja	Illini	chrf-all	0.29411672805175126
en-ja	Illini	bleu-A	34.30080261855459
en-ja	Illini	chrf-A	0.29411672805175126
en-ja	Online-Y	bleu-all	39.52083898732043
en-ja	Online-Y	chrf-all	0.3407170342168036
en-ja	Online-Y	bleu-A	39.52083898732043
en-ja	Online-Y	chrf-A	0.3407170342168036
en-ja	Online-G	bleu-all	33.545612876744265
en-ja	Online-G	chrf-all	0.2871337657527769
en-ja	Online-G	bleu-A	33.545612876744265
en-ja	Online-G	chrf-A	0.2871337657527769
en-ja	Online-W	bleu-all	42.09066010008614
en-ja	Online-W	chrf-all	0.3661848299615435
en-ja	Online-W	bleu-A	42.09066010008614
en-ja	Online-W	chrf-A	0.3661848299615435
en-ja	MiSS	bleu-all	42.58650728357274
en-ja	MiSS	chrf-all	0.3699135580822634
en-ja	MiSS	bleu-A	42.58650728357274
en-ja	MiSS	chrf-A	0.3699135580822634
en-ja	movelikeajaguar	bleu-all	38.46616571677552
en-ja	movelikeajaguar	chrf-all	0.3344162844544188
en-ja	movelikeajaguar	bleu-A	38.46616571677552
en-ja	movelikeajaguar	chrf-A	0.3344162844544188
en-ja	capitalmarvel	bleu-all	41.04781944341453
en-ja	capitalmarvel	chrf-all	0.35523155397878564
en-ja	capitalmarvel	bleu-A	41.04781944341453
en-ja	capitalmarvel	chrf-A	0.35523155397878564
en-ja	HuaweiTSC	bleu-all	45.42805111944076
en-ja	HuaweiTSC	chrf-all	0.39207908286484633
en-ja	HuaweiTSC	bleu-A	45.42805111944076
en-ja	HuaweiTSC	chrf-A	0.39207908286484633
en-ja	Facebook-AI	bleu-all	46.83227911637831
en-ja	Facebook-AI	chrf-all	0.4068486855382517
en-ja	Facebook-AI	bleu-A	46.83227911637831
en-ja	Facebook-AI	chrf-A	0.4068486855382517
en-ja	BUPT_rush	bleu-all	42.9015917519385
en-ja	BUPT_rush	chrf-all	0.3724211316220082
en-ja	BUPT_rush	bleu-A	42.9015917519385
en-ja	BUPT_rush	chrf-A	0.3724211316220082
en-ja	ephemeraler	bleu-all	39.58739391234691
en-ja	ephemeraler	chrf-all	0.34329105776488217
en-ja	ephemeraler	bleu-A	39.58739391234691
en-ja	ephemeraler	chrf-A	0.34329105776488217
fr-de	Online-B	bleu-all	43.81593235714305
fr-de	Online-B	chrf-all	0.6891139677421393
fr-de	Online-B	bleu-A	43.81593235714305
fr-de	Online-B	chrf-A	0.6891139677421393
fr-de	talp_upc	bleu-all	36.31875559201532
fr-de	talp_upc	chrf-all	0.6406357867263055
fr-de	talp_upc	bleu-A	36.31875559201532
fr-de	talp_upc	chrf-A	0.6406357867263055
fr-de	Online-A	bleu-all	40.60584557959172
fr-de	Online-A	chrf-all	0.6696698187935543
fr-de	Online-A	bleu-A	40.60584557959172
fr-de	Online-A	chrf-A	0.6696698187935543
fr-de	eTranslation	bleu-all	40.59091832311448
fr-de	eTranslation	chrf-all	0.6659236846251139
fr-de	eTranslation	bleu-A	40.59091832311448
fr-de	eTranslation	chrf-A	0.6659236846251139
fr-de	Online-Y	bleu-all	39.46939251554474
fr-de	Online-Y	chrf-all	0.659073453623919
fr-de	Online-Y	bleu-A	39.46939251554474
fr-de	Online-Y	chrf-A	0.659073453623919
fr-de	Online-W	bleu-all	60.449117313736245
fr-de	Online-W	chrf-all	0.7878145701691763
fr-de	Online-W	bleu-A	60.449117313736245
fr-de	Online-W	chrf-A	0.7878145701691763
fr-de	Online-G	bleu-all	36.891806802267816
fr-de	Online-G	chrf-all	0.652877357209858
fr-de	Online-G	bleu-A	36.891806802267816
fr-de	Online-G	chrf-A	0.652877357209858
fr-de	P3AI	bleu-all	39.31570499788814
fr-de	P3AI	chrf-all	0.6541482980395317
fr-de	P3AI	bleu-A	39.31570499788814
fr-de	P3AI	chrf-A	0.6541482980395317
fr-de	LISN	bleu-all	37.266925776917844
fr-de	LISN	chrf-all	0.6439649726776749
fr-de	LISN	bleu-A	37.266925776917844
fr-de	LISN	chrf-A	0.6439649726776749
zu-xh	TRANSSION	bleu-all	14.473490630433824
zu-xh	TRANSSION	chrf-all	0.5028848488697594
zu-xh	TRANSSION	bleu-A	14.473490630433824
zu-xh	TRANSSION	chrf-A	0.5028848488697594
zu-xh	Online-G	bleu-all	3.578588238799388
zu-xh	Online-G	chrf-all	0.36075170732781886
zu-xh	Online-G	bleu-A	3.578588238799388
zu-xh	Online-G	chrf-A	0.36075170732781886
zu-xh	GTCOM	bleu-all	11.869166190672052
zu-xh	GTCOM	chrf-all	0.4749091617540442
zu-xh	GTCOM	bleu-A	11.869166190672052
zu-xh	GTCOM	chrf-A	0.4749091617540442
zu-xh	HuaweiTSC	bleu-all	9.919021204721114
zu-xh	HuaweiTSC	chrf-all	0.48643528189192264
zu-xh	HuaweiTSC	bleu-A	9.919021204721114
zu-xh	HuaweiTSC	chrf-A	0.48643528189192264
zu-xh	MS-EgDC	bleu-all	9.246169082777273
zu-xh	MS-EgDC	chrf-all	0.4757706746320136
zu-xh	MS-EgDC	bleu-A	9.246169082777273
zu-xh	MS-EgDC	chrf-A	0.4757706746320136
de-en	Online-B	bleu-all	51.918682921395735
de-en	Online-B	chrf-all	0.6574708750572648
de-en	Online-B	bleu-B	40.16325289191447
de-en	Online-B	chrf-B	0.6574708750572648
de-en	Online-B	bleu-A	33.83560143012779
de-en	Online-B	chrf-A	0.6190490536295804
de-en	UF	bleu-all	51.79366181345928
de-en	UF	chrf-all	0.6577444190155549
de-en	UF	bleu-B	40.060931579556836
de-en	UF	chrf-B	0.6577444190155549
de-en	UF	bleu-A	33.798010153111036
de-en	UF	chrf-A	0.6189947229825121
de-en	Borderline	bleu-all	51.62833120998778
de-en	Borderline	chrf-all	0.6535432394516916
de-en	Borderline	bleu-B	39.0291413692484
de-en	Borderline	chrf-B	0.6535432394516916
de-en	Borderline	bleu-A	34.91787514522685
de-en	Borderline	chrf-A	0.6290614999609946
de-en	SMU	bleu-all	50.554757191686726
de-en	SMU	chrf-all	0.651472726563176
de-en	SMU	bleu-B	38.67350979162917
de-en	SMU	chrf-B	0.651472726563176
de-en	SMU	bleu-A	33.82058947275314
de-en	SMU	chrf-A	0.6222434435595348
de-en	Online-A	bleu-all	51.62205508180227
de-en	Online-A	chrf-all	0.6569957983631801
de-en	Online-A	bleu-B	39.59515690915706
de-en	Online-A	chrf-B	0.6569957983631801
de-en	Online-A	bleu-A	33.973543833751236
de-en	Online-A	chrf-A	0.6254959941169127
de-en	happypoet	bleu-all	45.83168420733798
de-en	happypoet	chrf-all	0.6096347961294502
de-en	happypoet	bleu-B	34.64887730857843
de-en	happypoet	chrf-B	0.6096347961294502
de-en	happypoet	bleu-A	31.184444259171087
de-en	happypoet	chrf-A	0.5917417218512983
de-en	Watermelon	bleu-all	51.896160925471015
de-en	Watermelon	chrf-all	0.652462836968791
de-en	Watermelon	bleu-B	39.80172666383484
de-en	Watermelon	chrf-B	0.652462836968791
de-en	Watermelon	bleu-A	34.4742695209172
de-en	Watermelon	chrf-A	0.6230647223084947
de-en	Online-Y	bleu-all	49.282453209485304
de-en	Online-Y	chrf-all	0.6341831010556426
de-en	Online-Y	bleu-B	37.468802726728725
de-en	Online-Y	chrf-B	0.6341831010556426
de-en	Online-Y	bleu-A	32.0809951738149
de-en	Online-Y	chrf-A	0.6047342458439581
de-en	VolcTrans-AT	bleu-all	51.84019931914502
de-en	VolcTrans-AT	chrf-all	0.6522950221304719
de-en	VolcTrans-AT	bleu-B	39.74762667811615
de-en	VolcTrans-AT	chrf-B	0.6522950221304719
de-en	VolcTrans-AT	bleu-A	34.43951010929998
de-en	VolcTrans-AT	chrf-A	0.6228210237904874
de-en	VolcTrans-GLAT	bleu-all	52.132250049402025
de-en	VolcTrans-GLAT	chrf-all	0.652394842701662
de-en	VolcTrans-GLAT	bleu-B	39.54772017868524
de-en	VolcTrans-GLAT	chrf-B	0.652394842701662
de-en	VolcTrans-GLAT	bleu-A	35.04696025117617
de-en	VolcTrans-GLAT	chrf-A	0.625229934032448
de-en	Online-G	bleu-all	50.4163281072329
de-en	Online-G	chrf-all	0.6486592665084825
de-en	Online-G	bleu-B	38.779376109898394
de-en	Online-G	chrf-B	0.6486592665084825
de-en	Online-G	bleu-A	33.43872837448285
de-en	Online-G	chrf-A	0.6185500653624995
de-en	Online-W	bleu-all	50.765885400561885
de-en	Online-W	chrf-all	0.6606314794432072
de-en	Online-W	bleu-B	39.70263438992435
de-en	Online-W	chrf-B	0.6606314794432072
de-en	Online-W	bleu-A	32.898936474803136
de-en	Online-W	chrf-A	0.6193128910601926
de-en	Nemo	bleu-all	51.97576744337794
de-en	Nemo	chrf-all	0.6564635821302206
de-en	Nemo	bleu-B	40.58337464592086
de-en	Nemo	chrf-B	0.6564635821302206
de-en	Nemo	bleu-A	33.30558470213659
de-en	Nemo	chrf-A	0.6173156350180475
de-en	UEdin	bleu-all	51.78183961757806
de-en	UEdin	chrf-all	0.6560188515745483
de-en	UEdin	bleu-B	40.16969338295221
de-en	UEdin	chrf-B	0.6560188515745483
de-en	UEdin	bleu-A	33.67845506789351
de-en	UEdin	chrf-A	0.6200873858628301
de-en	P3AI	bleu-all	49.67043355412219
de-en	P3AI	chrf-all	0.6425371059255146
de-en	P3AI	bleu-B	37.92615478639582
de-en	P3AI	chrf-B	0.6425371059255146
de-en	P3AI	bleu-A	33.17148002073017
de-en	P3AI	chrf-A	0.6143874031038129
de-en	ICL	bleu-all	50.530333033866214
de-en	ICL	chrf-all	0.6596412857425559
de-en	ICL	bleu-B	39.64936349815884
de-en	ICL	chrf-B	0.6596412857425559
de-en	ICL	bleu-A	32.54944316663571
de-en	ICL	chrf-A	0.6163936135649092
de-en	Manifold	bleu-all	49.287089052240816
de-en	Manifold	chrf-all	0.6421575360242878
de-en	Manifold	bleu-B	37.837682273043555
de-en	Manifold	chrf-B	0.6421575360242878
de-en	Manifold	bleu-A	32.97737298841214
de-en	Manifold	chrf-A	0.6136466374702587
de-en	HuaweiTSC	bleu-all	52.963608696763494
de-en	HuaweiTSC	chrf-all	0.6585185541329216
de-en	HuaweiTSC	bleu-B	40.84949205177911
de-en	HuaweiTSC	chrf-B	0.6585185541329216
de-en	HuaweiTSC	bleu-A	34.61103508370946
de-en	HuaweiTSC	chrf-A	0.6253381409453798
de-en	Facebook-AI	bleu-all	53.344702078592114
de-en	Facebook-AI	chrf-all	0.6705535338668948
de-en	Facebook-AI	bleu-B	41.89450615068946
de-en	Facebook-AI	chrf-B	0.6705535338668948
de-en	Facebook-AI	bleu-A	33.99789664597108
de-en	Facebook-AI	chrf-A	0.6247233942882824
zh-en	UF	bleu-all	30.150394774114922
zh-en	UF	chrf-all	0.5950577336924474
zh-en	UF	bleu-A	30.150394774114922
zh-en	UF	chrf-A	0.5950577336924474
zh-en	Borderline	bleu-all	33.41007280859089
zh-en	Borderline	chrf-all	0.6171761372233924
zh-en	Borderline	bleu-A	33.41007280859089
zh-en	Borderline	chrf-A	0.6171761372233924
zh-en	XMU	bleu-all	31.91034002540441
zh-en	XMU	chrf-all	0.593606512316661
zh-en	XMU	bleu-A	31.91034002540441
zh-en	XMU	chrf-A	0.593606512316661
zh-en	Facebook-AI	bleu-all	32.07210175727858
zh-en	Facebook-AI	chrf-all	0.6041481072566344
zh-en	Facebook-AI	bleu-A	32.07210175727858
zh-en	Facebook-AI	chrf-A	0.6041481072566344
zh-en	NJUSC_TSC	bleu-all	28.68141477101839
zh-en	NJUSC_TSC	chrf-all	0.5899802550262747
zh-en	NJUSC_TSC	bleu-A	28.68141477101839
zh-en	NJUSC_TSC	chrf-A	0.5899802550262747
zh-en	Online-B	bleu-all	32.41391916722605
zh-en	Online-B	chrf-all	0.6133811623149186
zh-en	Online-B	bleu-A	32.41391916722605
zh-en	Online-B	chrf-A	0.6133811623149186
zh-en	NiuTrans	bleu-all	31.886362375762502
zh-en	NiuTrans	chrf-all	0.6106967700959216
zh-en	NiuTrans	bleu-A	31.886362375762502
zh-en	NiuTrans	chrf-A	0.6106967700959216
zh-en	Online-A	bleu-all	24.634678419013532
zh-en	Online-A	chrf-all	0.5450992049581033
zh-en	Online-A	bleu-A	24.634678419013532
zh-en	Online-A	chrf-A	0.5450992049581033
zh-en	SMU	bleu-all	32.21001951454555
zh-en	SMU	chrf-all	0.6086226434650585
zh-en	SMU	bleu-A	32.21001951454555
zh-en	SMU	chrf-A	0.6086226434650585
zh-en	ICL	bleu-all	30.075132910205163
zh-en	ICL	chrf-all	0.593510224463557
zh-en	ICL	bleu-A	30.075132910205163
zh-en	ICL	chrf-A	0.593510224463557
zh-en	Machine_Translation	bleu-all	29.827442029325443
zh-en	Machine_Translation	chrf-all	0.5875361807039942
zh-en	Machine_Translation	bleu-A	29.827442029325443
zh-en	Machine_Translation	chrf-A	0.5875361807039942
zh-en	Online-Y	bleu-all	24.117751122849054
zh-en	Online-Y	chrf-all	0.5427777757186413
zh-en	Online-Y	bleu-A	24.117751122849054
zh-en	Online-Y	chrf-A	0.5427777757186413
zh-en	Online-W	bleu-all	28.541821095761524
zh-en	Online-W	chrf-all	0.5753058778768373
zh-en	Online-W	bleu-A	28.541821095761524
zh-en	Online-W	chrf-A	0.5753058778768373
zh-en	HappyNewYear	bleu-all	29.26573178804552
zh-en	HappyNewYear	chrf-all	0.5840268924289866
zh-en	HappyNewYear	bleu-A	29.26573178804552
zh-en	HappyNewYear	chrf-A	0.5840268924289866
zh-en	HuaweiTSC	bleu-all	28.885619550288666
zh-en	HuaweiTSC	chrf-all	0.5929551042229351
zh-en	HuaweiTSC	bleu-A	28.885619550288666
zh-en	HuaweiTSC	chrf-A	0.5929551042229351
zh-en	yyds	bleu-all	32.66821234799318
zh-en	yyds	chrf-all	0.6117384529589108
zh-en	yyds	bleu-A	32.66821234799318
zh-en	yyds	chrf-A	0.6117384529589108
zh-en	KwaiNLP	bleu-all	32.15050856650489
zh-en	KwaiNLP	chrf-all	0.6106059857385399
zh-en	KwaiNLP	bleu-A	32.15050856650489
zh-en	KwaiNLP	chrf-A	0.6106059857385399
zh-en	DIDI-NLP	bleu-all	32.541398724404395
zh-en	DIDI-NLP	chrf-all	0.6165664357729128
zh-en	DIDI-NLP	bleu-A	32.541398724404395
zh-en	DIDI-NLP	chrf-A	0.6165664357729128
zh-en	Online-G	bleu-all	27.189988424138733
zh-en	Online-G	chrf-all	0.564358232594176
zh-en	Online-G	bleu-A	27.189988424138733
zh-en	Online-G	chrf-A	0.564358232594176
zh-en	MiSS	bleu-all	32.55910163311742
zh-en	MiSS	chrf-all	0.6130348603470481
zh-en	MiSS	bleu-A	32.55910163311742
zh-en	MiSS	chrf-A	0.6130348603470481
zh-en	IIE-MT	bleu-all	31.659766887116536
zh-en	IIE-MT	chrf-all	0.6092381796940344
zh-en	IIE-MT	bleu-A	31.659766887116536
zh-en	IIE-MT	chrf-A	0.6092381796940344
zh-en	P3AI	bleu-all	29.566738264259435
zh-en	P3AI	chrf-all	0.5928158884033113
zh-en	P3AI	bleu-A	29.566738264259435
zh-en	P3AI	chrf-A	0.5928158884033113
zh-en	ZengHuiMT	bleu-all	32.177257868251885
zh-en	ZengHuiMT	chrf-all	0.6013525995117985
zh-en	ZengHuiMT	bleu-A	32.177257868251885
zh-en	ZengHuiMT	chrf-A	0.6013525995117985
en-ru	Online-B	bleu-all	43.50258147498114
en-ru	Online-B	chrf-all	0.5674221915308204
en-ru	Online-B	bleu-B	29.223737063246624
en-ru	Online-B	chrf-B	0.5674221915308204
en-ru	Online-B	bleu-A	29.75853012914156
en-ru	Online-B	chrf-A	0.5681997898246742
en-ru	NiuTrans	bleu-all	40.46650967963149
en-ru	NiuTrans	chrf-all	0.5430377364738516
en-ru	NiuTrans	bleu-B	27.063746942253772
en-ru	NiuTrans	chrf-B	0.5430377364738516
en-ru	NiuTrans	bleu-A	28.42780987640409
en-ru	NiuTrans	chrf-A	0.5459218679735206
en-ru	Online-A	bleu-all	41.18049806750355
en-ru	Online-A	chrf-all	0.5563699005843524
en-ru	Online-A	bleu-B	27.234273449109715
en-ru	Online-A	chrf-B	0.5563699005843524
en-ru	Online-A	bleu-A	28.765105580884033
en-ru	Online-A	chrf-A	0.5610734895776534
en-ru	Online-Y	bleu-all	37.74877505477881
en-ru	Online-Y	chrf-all	0.5381766118323654
en-ru	Online-Y	bleu-B	25.294282947515985
en-ru	Online-Y	chrf-B	0.5381766118323654
en-ru	Online-Y	bleu-A	25.778616278978767
en-ru	Online-Y	chrf-A	0.5380960504254646
en-ru	Online-G	bleu-all	42.80959846333118
en-ru	Online-G	chrf-all	0.564259368041812
en-ru	Online-G	bleu-B	28.572162150387445
en-ru	Online-G	chrf-B	0.564259368041812
en-ru	Online-G	bleu-A	30.102814740441907
en-ru	Online-G	chrf-A	0.569721705916784
en-ru	Online-W	bleu-all	44.98143135226432
en-ru	Online-W	chrf-all	0.5712514474836022
en-ru	Online-W	bleu-B	29.87110766994836
en-ru	Online-W	chrf-B	0.5712514474836022
en-ru	Online-W	bleu-A	31.80259446696159
en-ru	Online-W	chrf-A	0.5762118538952025
en-ru	Nemo	bleu-all	41.6257742843559
en-ru	Nemo	chrf-all	0.5582334793341486
en-ru	Nemo	bleu-B	27.571287276567084
en-ru	Nemo	chrf-B	0.5582334793341486
en-ru	Nemo	bleu-A	29.27050886693643
en-ru	Nemo	chrf-A	0.5623239858741942
en-ru	Manifold	bleu-all	41.50635925569232
en-ru	Manifold	chrf-all	0.5505921079590337
en-ru	Manifold	bleu-B	27.625929166338125
en-ru	Manifold	chrf-B	0.5505921079590337
en-ru	Manifold	bleu-A	29.20003315587878
en-ru	Manifold	chrf-A	0.5543185347590598
en-ru	Facebook-AI	bleu-all	46.00314333481466
en-ru	Facebook-AI	chrf-all	0.570940873490077
en-ru	Facebook-AI	bleu-B	30.445435432117957
en-ru	Facebook-AI	chrf-B	0.570940873490077
en-ru	Facebook-AI	bleu-A	32.214401587757784
en-ru	Facebook-AI	chrf-A	0.5764546473594431
en-cs	Online-B	bleu-all	28.904264533445772
en-cs	Online-B	chrf-all	0.46633517886967357
en-cs	Online-B	bleu-B	17.90270067944282
en-cs	Online-B	chrf-B	0.46633517886967357
en-cs	Online-B	bleu-A	20.038747507072934
en-cs	Online-B	chrf-A	0.49555437610219044
en-cs	eTranslation	bleu-all	30.834348919041965
en-cs	eTranslation	chrf-all	0.4779686447571785
en-cs	eTranslation	bleu-B	19.383019751768447
en-cs	eTranslation	chrf-B	0.4779686447571785
en-cs	eTranslation	bleu-A	21.025442734850103
en-cs	eTranslation	chrf-A	0.5062837257703664
en-cs	Online-A	bleu-all	28.982875866851135
en-cs	Online-A	chrf-all	0.4683925915914706
en-cs	Online-A	bleu-B	18.176409771642668
en-cs	Online-A	chrf-B	0.4683925915914706
en-cs	Online-A	bleu-A	20.16098517196126
en-cs	Online-A	chrf-A	0.49892511134913864
en-cs	Online-Y	bleu-all	26.15988910761653
en-cs	Online-Y	chrf-all	0.4510246403921848
en-cs	Online-Y	bleu-B	16.126631906444565
en-cs	Online-Y	chrf-B	0.4510246403921848
en-cs	Online-Y	bleu-A	18.134573743845078
en-cs	Online-Y	chrf-A	0.480671139256744
en-cs	CUNI-Transformer2018	bleu-all	31.53611357305359
en-cs	CUNI-Transformer2018	chrf-all	0.48228774035309513
en-cs	CUNI-Transformer2018	bleu-B	19.666208086195468
en-cs	CUNI-Transformer2018	chrf-B	0.48228774035309513
en-cs	CUNI-Transformer2018	bleu-A	21.629319061265935
en-cs	CUNI-Transformer2018	chrf-A	0.5091422550426434
en-cs	Online-G	bleu-all	22.008712107919592
en-cs	Online-G	chrf-all	0.4306496044994942
en-cs	Online-G	bleu-B	13.872719521362946
en-cs	Online-G	chrf-B	0.4306496044994942
en-cs	Online-G	bleu-A	15.296086011174541
en-cs	Online-G	chrf-A	0.4570393328629612
en-cs	Online-W	bleu-all	33.59878496973146
en-cs	Online-W	chrf-all	0.5003807486236039
en-cs	Online-W	bleu-B	21.565970630119622
en-cs	Online-W	chrf-B	0.5003807486236039
en-cs	Online-W	bleu-A	23.02321166801527
en-cs	Online-W	chrf-A	0.5284865230252745
en-cs	CUNI-DocTransformer	bleu-all	32.055933819972644
en-cs	CUNI-DocTransformer	chrf-all	0.4848913526632306
en-cs	CUNI-DocTransformer	bleu-B	19.84793018101127
en-cs	CUNI-DocTransformer	chrf-B	0.4848913526632306
en-cs	CUNI-DocTransformer	bleu-A	22.19345271916649
en-cs	CUNI-DocTransformer	chrf-A	0.5170299826332292
en-cs	CUNI-Marian-Baselines	bleu-all	28.90859795711469
en-cs	CUNI-Marian-Baselines	chrf-all	0.47221774290604474
en-cs	CUNI-Marian-Baselines	bleu-B	18.28529091056707
en-cs	CUNI-Marian-Baselines	chrf-B	0.47221774290604474
en-cs	CUNI-Marian-Baselines	bleu-A	20.09195756196513
en-cs	CUNI-Marian-Baselines	chrf-A	0.4992427507988028
en-cs	Facebook-AI	bleu-all	36.10771826068043
en-cs	Facebook-AI	chrf-all	0.5061745306982951
en-cs	Facebook-AI	bleu-B	22.690281308658708
en-cs	Facebook-AI	chrf-B	0.5061745306982951
en-cs	Facebook-AI	bleu-A	24.800101736429546
en-cs	Facebook-AI	chrf-A	0.5357758869265526
de-fr	Online-B	bleu-all	29.70220103395351
de-fr	Online-B	chrf-all	0.5840480384600512
de-fr	Online-B	bleu-A	29.70220103395351
de-fr	Online-B	chrf-A	0.5840480384600512
de-fr	talp_upc	bleu-all	27.513985513900714
de-fr	talp_upc	chrf-all	0.565469670096609
de-fr	talp_upc	bleu-A	27.513985513900714
de-fr	talp_upc	chrf-A	0.565469670096609
de-fr	Online-A	bleu-all	35.6976135665862
de-fr	Online-A	chrf-all	0.6131696864501814
de-fr	Online-A	bleu-A	35.6976135665862
de-fr	Online-A	chrf-A	0.6131696864501814
de-fr	Online-Y	bleu-all	28.329280661599334
de-fr	Online-Y	chrf-all	0.5683799428189635
de-fr	Online-Y	bleu-A	28.329280661599334
de-fr	Online-Y	chrf-A	0.5683799428189635
de-fr	Online-G	bleu-all	28.570015697985472
de-fr	Online-G	chrf-all	0.5774227452346214
de-fr	Online-G	bleu-A	28.570015697985472
de-fr	Online-G	chrf-A	0.5774227452346214
de-fr	Online-W	bleu-all	29.881936065731676
de-fr	Online-W	chrf-all	0.590608503234242
de-fr	Online-W	bleu-A	29.881936065731676
de-fr	Online-W	chrf-A	0.590608503234242
de-fr	P3AI	bleu-all	31.7104043039792
de-fr	P3AI	chrf-all	0.6262109885242627
de-fr	P3AI	bleu-A	31.7104043039792
de-fr	P3AI	chrf-A	0.6262109885242627
de-fr	Manifold	bleu-all	32.529989494455165
de-fr	Manifold	chrf-all	0.6057149280499886
de-fr	Manifold	bleu-A	32.529989494455165
de-fr	Manifold	chrf-A	0.6057149280499886
de-fr	LISN	bleu-all	28.14305054172188
de-fr	LISN	chrf-all	0.5633155628047904
de-fr	LISN	bleu-A	28.14305054172188
de-fr	LISN	chrf-A	0.5633155628047904
cs-en	Online-B	bleu-all	43.11282582893222
cs-en	Online-B	chrf-all	0.5309944320288025
cs-en	Online-B	bleu-B	24.805656656625715
cs-en	Online-B	chrf-B	0.5309944320288025
cs-en	Online-B	bleu-A	31.694103194276334
cs-en	Online-B	chrf-A	0.5932862386577876
cs-en	Online-A	bleu-all	39.567164611032446
cs-en	Online-A	chrf-all	0.5199401615852612
cs-en	Online-A	bleu-B	23.47137998293694
cs-en	Online-A	chrf-B	0.5199401615852612
cs-en	Online-A	bleu-A	28.32050044668587
cs-en	Online-A	chrf-A	0.5692525817280644
cs-en	CUNI-Transformer2018	bleu-all	36.68822961754139
cs-en	CUNI-Transformer2018	chrf-all	0.5041419371612496
cs-en	CUNI-Transformer2018	bleu-B	21.691042825442974
cs-en	CUNI-Transformer2018	chrf-B	0.5041419371612496
cs-en	CUNI-Transformer2018	bleu-A	26.186640217205923
cs-en	CUNI-Transformer2018	chrf-A	0.5507616936652107
cs-en	Online-Y	bleu-all	34.286958058498726
cs-en	Online-Y	chrf-all	0.5019377501012219
cs-en	Online-Y	bleu-B	20.274665717829237
cs-en	Online-Y	chrf-B	0.5019377501012219
cs-en	Online-Y	bleu-A	24.607197845287153
cs-en	Online-Y	chrf-A	0.5493230202054279
cs-en	Online-G	bleu-all	38.9511465399108
cs-en	Online-G	chrf-all	0.5199252275885917
cs-en	Online-G	bleu-B	22.778733573921784
cs-en	Online-G	chrf-B	0.5199252275885917
cs-en	Online-G	bleu-A	28.59318037594292
cs-en	Online-G	chrf-A	0.5754190485635432
cs-en	Online-W	bleu-all	41.33053400851785
cs-en	Online-W	chrf-all	0.5337109329981777
cs-en	Online-W	bleu-B	24.831459112854517
cs-en	Online-W	chrf-B	0.5337109329981777
cs-en	Online-W	bleu-A	28.905997844741766
cs-en	Online-W	chrf-A	0.5755474990904813
cs-en	CUNI-DocTransformer	bleu-all	41.84299817259777
cs-en	CUNI-DocTransformer	chrf-all	0.5315744676592279
cs-en	CUNI-DocTransformer	bleu-B	24.745902252912884
cs-en	CUNI-DocTransformer	chrf-B	0.5315744676592279
cs-en	CUNI-DocTransformer	bleu-A	30.15393052210985
cs-en	CUNI-DocTransformer	chrf-A	0.5852324225035481
cs-en	Facebook-AI	bleu-all	43.45765145982828
cs-en	Facebook-AI	chrf-all	0.5494371319527381
cs-en	Facebook-AI	bleu-B	26.36572586939035
cs-en	Facebook-AI	chrf-B	0.5494371319527381
cs-en	Facebook-AI	bleu-A	31.095372270632094
cs-en	Facebook-AI	chrf-A	0.5991795137495665
ru-en	Online-B	bleu-all	54.98846371588853
ru-en	Online-B	chrf-all	0.663037704167003
ru-en	Online-B	bleu-B	40.01625189813657
ru-en	Online-B	chrf-B	0.663037704167003
ru-en	Online-B	bleu-A	40.634639218503445
ru-en	Online-B	chrf-A	0.6614513863882693
ru-en	NiuTrans	bleu-all	56.34951658691966
ru-en	NiuTrans	chrf-all	0.660529973232494
ru-en	NiuTrans	bleu-B	41.22977275624838
ru-en	NiuTrans	chrf-B	0.660529973232494
ru-en	NiuTrans	bleu-A	41.77035202277295
ru-en	NiuTrans	chrf-A	0.6584973474428572
ru-en	Online-A	bleu-all	52.756007281247776
ru-en	Online-A	chrf-all	0.6571137463732292
ru-en	Online-A	bleu-B	38.79479024379166
ru-en	Online-A	chrf-B	0.6571137463732292
ru-en	Online-A	bleu-A	38.74985226855992
ru-en	Online-A	chrf-A	0.6521741151654774
ru-en	Online-Y	bleu-all	45.280525741808354
ru-en	Online-Y	chrf-all	0.6020645340535163
ru-en	Online-Y	bleu-B	33.188862134042445
ru-en	Online-Y	chrf-B	0.6020645340535163
ru-en	Online-Y	bleu-A	32.84654906809292
ru-en	Online-Y	chrf-A	0.5998266992157231
ru-en	Online-W	bleu-all	50.32180644716033
ru-en	Online-W	chrf-all	0.6348912635455177
ru-en	Online-W	bleu-B	37.182873296181135
ru-en	Online-W	chrf-B	0.6348912635455177
ru-en	Online-W	bleu-A	36.958266266111295
ru-en	Online-W	chrf-A	0.6305858420496131
ru-en	Online-G	bleu-all	55.902056979858386
ru-en	Online-G	chrf-all	0.6707935596325234
ru-en	Online-G	bleu-B	40.74739444534432
ru-en	Online-G	chrf-B	0.6707935596325234
ru-en	Online-G	bleu-A	41.15734313149224
ru-en	Online-G	chrf-A	0.6675521368978056
ru-en	Nemo	bleu-all	54.65552696285515
ru-en	Nemo	chrf-all	0.6627143818093986
ru-en	Nemo	bleu-B	40.10242060169478
ru-en	Nemo	chrf-B	0.6627143818093986
ru-en	Nemo	bleu-A	40.19814362157784
ru-en	Nemo	chrf-A	0.6602005698874412
ru-en	AFRL	bleu-all	53.30862254046615
ru-en	AFRL	chrf-all	0.6396348744907178
ru-en	AFRL	bleu-B	39.56424777211762
ru-en	AFRL	chrf-B	0.6396348744907178
ru-en	AFRL	bleu-A	38.83439622592658
ru-en	AFRL	chrf-A	0.6345177785581916
ru-en	Manifold	bleu-all	55.2976781120366
ru-en	Manifold	chrf-all	0.6606017369420316
ru-en	Manifold	bleu-B	40.46321009710319
ru-en	Manifold	chrf-B	0.6606017369420316
ru-en	Manifold	bleu-A	41.05554385485273
ru-en	Manifold	chrf-A	0.6585936365592022
ru-en	Facebook-AI	bleu-all	57.125209934580866
ru-en	Facebook-AI	chrf-all	0.662593974762087
ru-en	Facebook-AI	bleu-B	41.61242486725777
ru-en	Facebook-AI	chrf-B	0.662593974762087
ru-en	Facebook-AI	bleu-A	42.34726652202297
ru-en	Facebook-AI	chrf-A	0.6611054273479284
hi-bn	Online-B	bleu-all	15.289727688234613
hi-bn	Online-B	chrf-all	0.47965632936719566
hi-bn	Online-B	bleu-A	15.289727688234613
hi-bn	Online-B	chrf-A	0.47965632936719566
hi-bn	Online-A	bleu-all	13.382074317195613
hi-bn	Online-A	chrf-all	0.46499061877988934
hi-bn	Online-A	bleu-A	13.382074317195613
hi-bn	Online-A	chrf-A	0.46499061877988934
hi-bn	TRANSSION	bleu-all	14.99532507924112
hi-bn	TRANSSION	chrf-all	0.4783491742533215
hi-bn	TRANSSION	bleu-A	14.99532507924112
hi-bn	TRANSSION	chrf-A	0.4783491742533215
hi-bn	Online-Y	bleu-all	10.6456453085878
hi-bn	Online-Y	chrf-all	0.43219763748195617
hi-bn	Online-Y	bleu-A	10.6456453085878
hi-bn	Online-Y	chrf-A	0.43219763748195617
hi-bn	Online-G	bleu-all	5.942449901296989
hi-bn	Online-G	chrf-all	0.3637683099200674
hi-bn	Online-G	bleu-A	5.942449901296989
hi-bn	Online-G	chrf-A	0.3637683099200674
hi-bn	UEdin	bleu-all	12.549061010691425
hi-bn	UEdin	chrf-all	0.45356465037709714
hi-bn	UEdin	bleu-A	12.549061010691425
hi-bn	UEdin	chrf-A	0.45356465037709714
hi-bn	GTCOM	bleu-all	13.93847976983299
hi-bn	GTCOM	chrf-all	0.47109366294357374
hi-bn	GTCOM	bleu-A	13.93847976983299
hi-bn	GTCOM	chrf-A	0.47109366294357374
hi-bn	HuaweiTSC	bleu-all	13.042413167367533
hi-bn	HuaweiTSC	chrf-all	0.45744593697387853
hi-bn	HuaweiTSC	bleu-A	13.042413167367533
hi-bn	HuaweiTSC	chrf-A	0.45744593697387853
hi-bn	MS-EgDC	bleu-all	10.934182720623147
hi-bn	MS-EgDC	chrf-all	0.43387868344008734
hi-bn	MS-EgDC	bleu-A	10.934182720623147
hi-bn	MS-EgDC	chrf-A	0.43387868344008734
xh-zu	TRANSSION	bleu-all	11.788487842618297
xh-zu	TRANSSION	chrf-all	0.4974922522815442
xh-zu	TRANSSION	bleu-A	11.788487842618297
xh-zu	TRANSSION	chrf-A	0.4974922522815442
xh-zu	Online-G	bleu-all	3.919457803430853
xh-zu	Online-G	chrf-all	0.3695331320095902
xh-zu	Online-G	bleu-A	3.919457803430853
xh-zu	Online-G	chrf-A	0.3695331320095902
xh-zu	FJDMATH	bleu-all	9.776789191832286
xh-zu	FJDMATH	chrf-all	0.4788645141399545
xh-zu	FJDMATH	bleu-A	9.776789191832286
xh-zu	FJDMATH	chrf-A	0.4788645141399545
xh-zu	GTCOM	bleu-all	11.469000537478804
xh-zu	GTCOM	chrf-all	0.4931826986538791
xh-zu	GTCOM	bleu-A	11.469000537478804
xh-zu	GTCOM	chrf-A	0.4931826986538791
xh-zu	HuaweiTSC	bleu-all	11.765265498948173
xh-zu	HuaweiTSC	chrf-all	0.5035089185568721
xh-zu	HuaweiTSC	bleu-A	11.765265498948173
xh-zu	HuaweiTSC	chrf-A	0.5035089185568721
xh-zu	MS-EgDC	bleu-all	9.943811263635606
xh-zu	MS-EgDC	chrf-all	0.47716919085842874
xh-zu	MS-EgDC	bleu-A	9.943811263635606
xh-zu	MS-EgDC	chrf-A	0.47716919085842874
en-de	Online-B	bleu-all	28.3966900221804
en-de	Online-B	chrf-all	0.5877667594470022
en-de	Online-B	bleu-A	28.3966900221804
en-de	Online-B	chrf-A	0.5877667594470022
en-de	UF	bleu-all	28.473380400934538
en-de	UF	chrf-all	0.588724567502046
en-de	UF	bleu-A	28.473380400934538
en-de	UF	chrf-A	0.588724567502046
en-de	eTranslation	bleu-all	29.591641692686665
en-de	eTranslation	chrf-all	0.5937983655130454
en-de	eTranslation	bleu-A	29.591641692686665
en-de	eTranslation	chrf-A	0.5937983655130454
en-de	Online-A	bleu-all	29.028022559028294
en-de	Online-A	chrf-all	0.593791670099691
en-de	Online-A	bleu-A	29.028022559028294
en-de	Online-A	chrf-A	0.593791670099691
en-de	WeChat-AI	bleu-all	31.316826521446647
en-de	WeChat-AI	chrf-all	0.6071448712510682
en-de	WeChat-AI	bleu-A	31.316826521446647
en-de	WeChat-AI	chrf-A	0.6071448712510682
en-de	happypoet	bleu-all	27.564473060009934
en-de	happypoet	chrf-all	0.5819183913466565
en-de	happypoet	bleu-A	27.564473060009934
en-de	happypoet	chrf-A	0.5819183913466565
en-de	VolcTrans-AT	bleu-all	29.311230721146398
en-de	VolcTrans-AT	chrf-all	0.5954338756923051
en-de	VolcTrans-AT	bleu-A	29.311230721146398
en-de	VolcTrans-AT	chrf-A	0.5954338756923051
en-de	Online-Y	bleu-all	27.939398960873763
en-de	Online-Y	chrf-all	0.5824690108934495
en-de	Online-Y	bleu-A	27.939398960873763
en-de	Online-Y	chrf-A	0.5824690108934495
en-de	VolcTrans-GLAT	bleu-all	31.33725927529609
en-de	VolcTrans-GLAT	chrf-all	0.6078380707405592
en-de	VolcTrans-GLAT	bleu-A	31.33725927529609
en-de	VolcTrans-GLAT	chrf-A	0.6078380707405592
en-de	Online-G	bleu-all	27.078137718810716
en-de	Online-G	chrf-all	0.5767985074709143
en-de	Online-G	bleu-A	27.078137718810716
en-de	Online-G	chrf-A	0.5767985074709143
en-de	Online-W	bleu-all	29.713529016738697
en-de	Online-W	chrf-all	0.6022104735580842
en-de	Online-W	bleu-A	29.713529016738697
en-de	Online-W	chrf-A	0.6022104735580842
en-de	Nemo	bleu-all	30.013137029891116
en-de	Nemo	chrf-all	0.5975810625308934
en-de	Nemo	bleu-A	30.013137029891116
en-de	Nemo	chrf-A	0.5975810625308934
en-de	UEdin	bleu-all	29.901656376893754
en-de	UEdin	chrf-all	0.5946926561619222
en-de	UEdin	bleu-A	29.901656376893754
en-de	UEdin	chrf-A	0.5946926561619222
en-de	P3AI	bleu-all	28.318557065190973
en-de	P3AI	chrf-all	0.5837392103334045
en-de	P3AI	bleu-A	28.318557065190973
en-de	P3AI	chrf-A	0.5837392103334045
en-de	nuclear_trans	bleu-all	27.699443140686302
en-de	nuclear_trans	chrf-all	0.5775880655798766
en-de	nuclear_trans	bleu-A	27.699443140686302
en-de	nuclear_trans	chrf-A	0.5775880655798766
en-de	ICL	bleu-all	24.539799541013327
en-de	ICL	chrf-all	0.5519499969339264
en-de	ICL	bleu-A	24.539799541013327
en-de	ICL	chrf-A	0.5519499969339264
en-de	Manifold	bleu-all	29.42594747553097
en-de	Manifold	chrf-all	0.5923974935196961
en-de	Manifold	bleu-A	29.42594747553097
en-de	Manifold	chrf-A	0.5923974935196961
en-de	HuaweiTSC	bleu-all	29.771984766648494
en-de	HuaweiTSC	chrf-all	0.5966851061913132
en-de	HuaweiTSC	bleu-A	29.771984766648494
en-de	HuaweiTSC	chrf-A	0.5966851061913132
en-de	Facebook-AI	bleu-all	31.258143689269097
en-de	Facebook-AI	chrf-all	0.6064544422152889
en-de	Facebook-AI	bleu-A	31.258143689269097
en-de	Facebook-AI	chrf-A	0.6064544422152889
en-de	BUPT_rush	bleu-all	26.357301883382597
en-de	BUPT_rush	chrf-all	0.5706088156040605
en-de	BUPT_rush	bleu-A	26.357301883382597
en-de	BUPT_rush	chrf-A	0.5706088156040605
ja-en	Online-B	bleu-all	27.191293616018758
ja-en	Online-B	chrf-all	0.525710214037365
ja-en	Online-B	bleu-A	27.191293616018758
ja-en	Online-B	chrf-A	0.525710214037365
ja-en	NiuTrans	bleu-all	27.246151256300358
ja-en	NiuTrans	chrf-all	0.5322235255476255
ja-en	NiuTrans	bleu-A	27.246151256300358
ja-en	NiuTrans	chrf-A	0.5322235255476255
ja-en	WeChat-AI	bleu-all	27.78785000899965
ja-en	WeChat-AI	chrf-all	0.5348427003274479
ja-en	WeChat-AI	bleu-A	27.78785000899965
ja-en	WeChat-AI	chrf-A	0.5348427003274479
ja-en	Online-A	bleu-all	21.009340334257306
ja-en	Online-A	chrf-all	0.4822783847440755
ja-en	Online-A	bleu-A	21.009340334257306
ja-en	Online-A	chrf-A	0.4822783847440755
ja-en	KwaiNLP	bleu-all	25.782442137475346
ja-en	KwaiNLP	chrf-all	0.5241953462579985
ja-en	KwaiNLP	bleu-A	25.782442137475346
ja-en	KwaiNLP	chrf-A	0.5241953462579985
ja-en	Illini	bleu-all	18.64382712146538
ja-en	Illini	chrf-all	0.4527109765857511
ja-en	Illini	bleu-A	18.64382712146538
ja-en	Illini	chrf-A	0.4527109765857511
ja-en	XMU	bleu-all	25.782442137475346
ja-en	XMU	chrf-all	0.5241953462579985
ja-en	XMU	bleu-A	25.782442137475346
ja-en	XMU	chrf-A	0.5241953462579985
ja-en	Online-Y	bleu-all	17.301893925390214
ja-en	Online-Y	chrf-all	0.45482717838016534
ja-en	Online-Y	bleu-A	17.301893925390214
ja-en	Online-Y	chrf-A	0.45482717838016534
ja-en	Online-W	bleu-all	22.754564925320572
ja-en	Online-W	chrf-all	0.48916566987721766
ja-en	Online-W	bleu-A	22.754564925320572
ja-en	Online-W	chrf-A	0.48916566987721766
ja-en	Online-G	bleu-all	20.56942680216864
ja-en	Online-G	chrf-all	0.47599764321734106
ja-en	Online-G	bleu-A	20.56942680216864
ja-en	Online-G	chrf-A	0.47599764321734106
ja-en	MiSS	bleu-all	26.97042364359128
ja-en	MiSS	chrf-all	0.5286875129768186
ja-en	MiSS	bleu-A	26.97042364359128
ja-en	MiSS	chrf-A	0.5286875129768186
ja-en	IIE-MT	bleu-all	25.43664659349764
ja-en	IIE-MT	chrf-all	0.5213587801684276
ja-en	IIE-MT	bleu-A	25.43664659349764
ja-en	IIE-MT	chrf-A	0.5213587801684276
ja-en	movelikeajaguar	bleu-all	21.216743169864273
ja-en	movelikeajaguar	chrf-all	0.47616384116807015
ja-en	movelikeajaguar	bleu-A	21.216743169864273
ja-en	movelikeajaguar	chrf-A	0.47616384116807015
ja-en	capitalmarvel	bleu-all	23.651250789097034
ja-en	capitalmarvel	chrf-all	0.49561725331694795
ja-en	capitalmarvel	bleu-A	23.651250789097034
ja-en	capitalmarvel	chrf-A	0.49561725331694795
ja-en	HuaweiTSC	bleu-all	26.49351134726348
ja-en	HuaweiTSC	chrf-all	0.5280300225788164
ja-en	HuaweiTSC	bleu-A	26.49351134726348
ja-en	HuaweiTSC	chrf-A	0.5280300225788164
ja-en	Facebook-AI	bleu-all	27.70003335679618
ja-en	Facebook-AI	chrf-all	0.5361129507808853
ja-en	Facebook-AI	bleu-A	27.70003335679618
ja-en	Facebook-AI	chrf-A	0.5361129507808853
is-en	Online-B	bleu-all	40.61407853571632
is-en	Online-B	chrf-all	0.6241637435760189
is-en	Online-B	bleu-A	40.61407853571632
is-en	Online-B	chrf-A	0.6241637435760189
is-en	NiuTrans	bleu-all	39.22694035551863
is-en	NiuTrans	chrf-all	0.6104030351656651
is-en	NiuTrans	bleu-A	39.22694035551863
is-en	NiuTrans	chrf-A	0.6104030351656651
is-en	Online-A	bleu-all	33.57175050149294
is-en	Online-A	chrf-all	0.5744178925121717
is-en	Online-A	bleu-A	33.57175050149294
is-en	Online-A	chrf-A	0.5744178925121717
is-en	Online-Y	bleu-all	30.06438717104971
is-en	Online-Y	chrf-all	0.5585542676530116
is-en	Online-Y	bleu-A	30.06438717104971
is-en	Online-Y	chrf-A	0.5585542676530116
is-en	Online-G	bleu-all	23.679620935902996
is-en	Online-G	chrf-all	0.4921961508733686
is-en	Online-G	bleu-A	23.679620935902996
is-en	Online-G	chrf-A	0.4921961508733686
is-en	Allegro.eu	bleu-all	33.27660953972468
is-en	Allegro.eu	chrf-all	0.5739673130126126
is-en	Allegro.eu	bleu-A	33.27660953972468
is-en	Allegro.eu	chrf-A	0.5739673130126126
is-en	Manifold	bleu-all	39.79236153786366
is-en	Manifold	chrf-all	0.620839433270161
is-en	Manifold	bleu-A	39.79236153786366
is-en	Manifold	chrf-A	0.620839433270161
is-en	HuaweiTSC	bleu-all	38.444129195335535
is-en	HuaweiTSC	chrf-all	0.6113291948277677
is-en	HuaweiTSC	bleu-A	38.444129195335535
is-en	HuaweiTSC	chrf-A	0.6113291948277677
is-en	Facebook-AI	bleu-all	41.662715196959425
is-en	Facebook-AI	chrf-all	0.6228860898605937
is-en	Facebook-AI	bleu-A	41.662715196959425
is-en	Facebook-AI	chrf-A	0.6228860898605937
is-en	Mideind	bleu-all	33.517799485178315
is-en	Mideind	chrf-all	0.5782063772365357
is-en	Mideind	bleu-A	33.517799485178315
is-en	Mideind	chrf-A	0.5782063772365357
