account,annotated_by_group,annotator_crowd_type
deufra0101,uedin,linguists
deufra0102,uedin,linguists
deufra0103,uedin,linguists
deufra0104,uedin,linguists
deufra0105,uedin,linguists
deufra0106,uedin,linguists
deufra0107,eTranslation,linguists
deufra0108,eTranslation,linguists
deufra0109,eTranslation,linguists
deufra010a,eTranslation,linguists
deufra010b,eTranslation,linguists
deufra010d,eTranslation,linguists
deufra010e,eTranslation,linguists
deufra0207,Toloka,Toloka crowd
deufra0208,Toloka,Toloka crowd
deufra0209,Toloka,Toloka crowd
deufra020c,Toloka,Toloka crowd
deufra020d,Toloka,Toloka crowd
deufra020e,Toloka,Toloka crowd
deufra020f,Toloka,Toloka crowd
deufra0211,Toloka,Toloka crowd
deufra0215,Toloka,Toloka crowd
deufra0216,Toloka,Toloka crowd
deufra0218,Toloka,Toloka crowd
deufra021a,Toloka,Toloka crowd
deufra021c,Toloka,Toloka crowd
deufra021d,Toloka,Toloka crowd
deufra021f,Toloka,Toloka crowd
deufra0220,Toloka,Toloka crowd
deufra0221,Toloka,Toloka crowd
deufra0222,Toloka,Toloka crowd
deufra0223,Toloka,Toloka crowd
deufra0224,Toloka,Toloka crowd
deufra0227,Toloka,Toloka crowd
deufra0228,Toloka,Toloka crowd
deufra022f,Toloka,Toloka crowd
deufra0231,Toloka,Toloka crowd
deufra0232,Toloka,Toloka crowd
deufra0405,Toloka,Toloka crowd
deufra0407,Toloka,Toloka crowd
deufra0409,Toloka,Toloka crowd
deufra040a,Toloka,Toloka crowd
deufra040b,Toloka,Toloka crowd
deufra040e,Toloka,Toloka crowd
deufra0411,Toloka,Toloka crowd
deufra0412,Toloka,Toloka crowd
deufra0413,Toloka,Toloka crowd
deufra0416,Toloka,Toloka crowd
deufra0417,Toloka,Toloka crowd
deufra0418,Toloka,Toloka crowd
deufra041c,Toloka,Toloka crowd
deufra041d,Toloka,Toloka crowd
deufra041f,Toloka,Toloka crowd
deufra0420,Toloka,Toloka crowd
deufra0421,Toloka,Toloka crowd
deufra0422,Toloka,Toloka crowd
deufra0425,Toloka,Toloka crowd
deufra0426,Toloka,Toloka crowd
deufra0428,Toloka,Toloka crowd
deufra042a,Toloka,Toloka crowd
deufra042b,Toloka,Toloka crowd
deufra042c,Toloka,Toloka crowd
deufra042d,Toloka,Toloka crowd
deufra042f,Toloka,Toloka crowd
deufra0432,Toloka,Toloka crowd
deufra6501,Microsoft,Microsoft annotators
deufra6502,Microsoft,Microsoft annotators
deufra6503,Microsoft,Microsoft annotators
deufra6504,Microsoft,Microsoft annotators
deufra6505,Microsoft,Microsoft annotators
deufra6506,Microsoft,Microsoft annotators
deufra6507,Microsoft,Microsoft annotators
deufra6508,Microsoft,Microsoft annotators
deufra6509,Microsoft,Microsoft annotators
deufra650a,Microsoft,Microsoft annotators
deufra650b,Microsoft,Microsoft annotators
deufra650c,Microsoft,Microsoft annotators
deufra650d,Microsoft,Microsoft annotators
deufra650e,Microsoft,Microsoft annotators
deufra650f,Microsoft,Microsoft annotators
deufra6510,Microsoft,Microsoft annotators
deufra6511,Microsoft,Microsoft annotators
deufra6512,Microsoft,Microsoft annotators
deufra6513,Microsoft,Microsoft annotators
deufra6514,Microsoft,Microsoft annotators
deufra6515,Microsoft,Microsoft annotators
deufra6516,Microsoft,Microsoft annotators
deufra6517,Microsoft,Microsoft annotators
deufra6518,Microsoft,Microsoft annotators
deufra6519,Microsoft,Microsoft annotators
deufra651a,Microsoft,Microsoft annotators
deufra651b,Microsoft,Microsoft annotators
deufra651c,Microsoft,Microsoft annotators
deufra651d,Microsoft,Microsoft annotators
deufra651e,Microsoft,Microsoft annotators
deufra651f,Microsoft,Microsoft annotators
deufra6520,Microsoft,Microsoft annotators
deufra6521,Microsoft,Microsoft annotators
deufra6522,Microsoft,Microsoft annotators
deufra6523,Microsoft,Microsoft annotators
deufra6524,Microsoft,Microsoft annotators
deufra6525,Microsoft,Microsoft annotators
deufra6526,Microsoft,Microsoft annotators
deufra6527,Microsoft,Microsoft annotators
deufra6528,Microsoft,Microsoft annotators
deufra6529,Microsoft,Microsoft annotators
deufra652a,Microsoft,Microsoft annotators
deufra652b,Microsoft,Microsoft annotators
deufra652c,Microsoft,Microsoft annotators
deufra652d,Microsoft,Microsoft annotators
deufra652e,Microsoft,Microsoft annotators
deufra652f,Microsoft,Microsoft annotators
deufra6530,Microsoft,Microsoft annotators
deufra6531,Microsoft,Microsoft annotators
deufra6532,Microsoft,Microsoft annotators
engces0101,CUNI,paid annotators
engces0102,CUNI,paid annotators
engces0103,CUNI,paid annotators
engces0104,CUNI,paid annotators
engces0105,CUNI,paid annotators
engces0106,CUNI,paid annotators
engces0107,CUNI,paid annotators
engces0108,CUNI,paid annotators
engces0109,CUNI,paid annotators
engces010a,CUNI,paid annotators
engces010b,CUNI,paid annotators
engces010c,CUNI,paid annotators
engces010d,CUNI,paid annotators
engces010e,CUNI,paid annotators
engces010f,CUNI,paid annotators
engces0110,CUNI,paid annotators
engces0111,CUNI,paid annotators
engces0112,CUNI,paid annotators
engces0113,CUNI,paid annotators
engces0114,CUNI,paid annotators
engces0115,CUNI,paid annotators
engces0116,CUNI,paid annotators
engces0117,CUNI,paid annotators
engces0118,CUNI,paid annotators
engces0119,CUNI,paid annotators
engces011a,CUNI,paid annotators
engces011b,CUNI,paid annotators
engces011c,CUNI,paid annotators
engces011d,CUNI,paid annotators
engces011e,CUNI,paid annotators
engces011f,CUNI,paid annotators
engces0120,CUNI,paid annotators
engces0121,CUNI,paid annotators
engces0122,CUNI,paid annotators
engces0123,CUNI,paid annotators
engces0124,CUNI,paid annotators
engces0125,CUNI,paid annotators
engces0126,CUNI,paid annotators
engces0127,CUNI,paid annotators
engces0128,CUNI,paid annotators
engces0129,CUNI,paid annotators
engces012a,CUNI,paid annotators
engces012b,CUNI,paid annotators
engces012c,CUNI,paid annotators
engces012d,CUNI,paid annotators
engces012e,CUNI,paid annotators
engces012f,CUNI,paid annotators
engces0130,CUNI,paid annotators
engces0131,CUNI,paid annotators
engces0132,CUNI,paid annotators
engces0133,CUNI,paid annotators
engces0134,CUNI,paid annotators
engces0135,CUNI,paid annotators
engces0136,CUNI,paid annotators
engces0137,CUNI,paid annotators
engces0138,CUNI,paid annotators
engces0139,CUNI,paid annotators
engces013a,CUNI,paid annotators
engces013b,CUNI,paid annotators
engces013c,CUNI,paid annotators
engces013d,CUNI,paid annotators
engces013e,CUNI,paid annotators
engces013f,CUNI,paid annotators
engces0140,CUNI,paid annotators
engces0141,CUNI,paid annotators
engces0142,CUNI,paid annotators
engces0143,CUNI,paid annotators
engces0144,CUNI,paid annotators
engces0145,CUNI,paid annotators
engces0146,CUNI,paid annotators
engces0147,CUNI,paid annotators
engces0148,CUNI,paid annotators
engces014b,CUNI,paid annotators
engces0201,Toloka,Toloka crowd
engces0202,Toloka,Toloka crowd
engces0203,Toloka,Toloka crowd
engces0204,Toloka,Toloka crowd
engces0205,Toloka,Toloka crowd
engces0207,Toloka,Toloka crowd
engces0208,Toloka,Toloka crowd
engces0209,Toloka,Toloka crowd
engces020a,Toloka,Toloka crowd
engces020b,Toloka,Toloka crowd
engces020c,Toloka,Toloka crowd
engces020d,Toloka,Toloka crowd
engces020e,Toloka,Toloka crowd
engces020f,Toloka,Toloka crowd
engces0211,Toloka,Toloka crowd
engces0212,Toloka,Toloka crowd
engces0213,Toloka,Toloka crowd
engces0214,Toloka,Toloka crowd
engces0215,Toloka,Toloka crowd
engces0216,Toloka,Toloka crowd
engces0217,Toloka,Toloka crowd
engces0218,Toloka,Toloka crowd
engces0219,Toloka,Toloka crowd
engces021a,Toloka,Toloka crowd
engces021b,Toloka,Toloka crowd
engces021c,Toloka,Toloka crowd
engces021e,Toloka,Toloka crowd
engces021f,Toloka,Toloka crowd
engces0220,Toloka,Toloka crowd
engces0221,Toloka,Toloka crowd
engces0222,Toloka,Toloka crowd
engces0223,Toloka,Toloka crowd
engces0224,Toloka,Toloka crowd
engces0225,Toloka,Toloka crowd
engces0226,Toloka,Toloka crowd
engces0227,Toloka,Toloka crowd
engces0228,Toloka,Toloka crowd
engces0229,Toloka,Toloka crowd
engces022a,Toloka,Toloka crowd
engces022b,Toloka,Toloka crowd
engces022c,Toloka,Toloka crowd
engces022d,Toloka,Toloka crowd
engces022e,Toloka,Toloka crowd
engces0231,Toloka,Toloka crowd
engces0232,Toloka,Toloka crowd
engces0301,CUNI,paid annotators
engces0302,CUNI,paid annotators
engces0303,CUNI,paid annotators
engces0304,CUNI,paid annotators
engces0305,CUNI,paid annotators
engces0306,CUNI,paid annotators
engces0307,CUNI,paid annotators
engces0308,CUNI,paid annotators
engces0309,CUNI,paid annotators
engces030a,CUNI,paid annotators
engces030b,CUNI,paid annotators
engces030c,CUNI,paid annotators
engces030d,CUNI,paid annotators
engces030e,CUNI,paid annotators
engces030f,CUNI,paid annotators
engces0310,CUNI,paid annotators
engces0311,CUNI,paid annotators
engces0312,CUNI,paid annotators
engces0313,CUNI,paid annotators
engces0314,CUNI,paid annotators
engces0315,CUNI,paid annotators
engces0316,CUNI,paid annotators
engces0317,CUNI,paid annotators
engces0318,CUNI,paid annotators
engces0319,CUNI,paid annotators
engces031a,CUNI,paid annotators
engces031b,CUNI,paid annotators
engces031c,CUNI,paid annotators
engces031d,CUNI,paid annotators
engces031e,CUNI,paid annotators
engces031f,CUNI,paid annotators
engces0320,CUNI,paid annotators
engces0321,CUNI,paid annotators
engces0322,CUNI,paid annotators
engces0323,CUNI,paid annotators
engces0324,CUNI,paid annotators
engces0325,CUNI,paid annotators
engces0326,CUNI,paid annotators
engces0327,CUNI,paid annotators
engces0328,CUNI,paid annotators
engces0329,CUNI,paid annotators
engces032a,CUNI,paid annotators
engces032b,CUNI,paid annotators
engces032c,CUNI,paid annotators
engces032d,CUNI,paid annotators
engces032e,CUNI,paid annotators
engces032f,CUNI,paid annotators
engces0330,CUNI,paid annotators
engces0331,CUNI,paid annotators
engces0332,CUNI,paid annotators
engces0333,CUNI,paid annotators
engces0334,CUNI,paid annotators
engces0335,CUNI,paid annotators
engces0336,CUNI,paid annotators
engces0337,CUNI,paid annotators
engces0338,CUNI,paid annotators
engces0339,CUNI,paid annotators
engces033a,CUNI,paid annotators
engces033b,CUNI,paid annotators
engces033c,CUNI,paid annotators
engces033d,CUNI,paid annotators
engces033e,CUNI,paid annotators
engces033f,CUNI,paid annotators
engces0340,CUNI,paid annotators
engces0341,CUNI,paid annotators
engces0342,CUNI,paid annotators
engces0343,CUNI,paid annotators
engces0344,CUNI,paid annotators
engces0345,CUNI,paid annotators
engces0346,CUNI,paid annotators
engces0347,CUNI,paid annotators
engces0348,CUNI,paid annotators
engces0349,CUNI,paid annotators
engces034a,CUNI,paid annotators
engces034b,CUNI,paid annotators
engces0402,Toloka,Toloka crowd
engces0407,Toloka,Toloka crowd
engces040e,Toloka,Toloka crowd
engces040f,Toloka,Toloka crowd
engces0415,Toloka,Toloka crowd
engces6501,Microsoft,Microsoft annotators
engces6502,Microsoft,Microsoft annotators
engces6503,Microsoft,Microsoft annotators
engces6504,Microsoft,Microsoft annotators
engces6505,Microsoft,Microsoft annotators
engces6506,Microsoft,Microsoft annotators
engces6507,Microsoft,Microsoft annotators
engces6508,Microsoft,Microsoft annotators
engces6509,Microsoft,Microsoft annotators
engces650a,Microsoft,Microsoft annotators
engces650b,Microsoft,Microsoft annotators
engces650c,Microsoft,Microsoft annotators
engces650d,Microsoft,Microsoft annotators
engces650e,Microsoft,Microsoft annotators
engces650f,Microsoft,Microsoft annotators
engces6510,Microsoft,Microsoft annotators
engces6511,Microsoft,Microsoft annotators
engces6512,Microsoft,Microsoft annotators
engces6513,Microsoft,Microsoft annotators
engces6514,Microsoft,Microsoft annotators
engces6515,Microsoft,Microsoft annotators
engces6516,Microsoft,Microsoft annotators
engces6517,Microsoft,Microsoft annotators
engces6518,Microsoft,Microsoft annotators
engces6519,Microsoft,Microsoft annotators
engces651a,Microsoft,Microsoft annotators
engces651b,Microsoft,Microsoft annotators
engces651c,Microsoft,Microsoft annotators
engces651d,Microsoft,Microsoft annotators
engces651e,Microsoft,Microsoft annotators
engces651f,Microsoft,Microsoft annotators
engces6520,Microsoft,Microsoft annotators
engces6521,Microsoft,Microsoft annotators
engces6522,Microsoft,Microsoft annotators
engces6523,Microsoft,Microsoft annotators
engces6524,Microsoft,Microsoft annotators
engces6525,Microsoft,Microsoft annotators
engces6526,Microsoft,Microsoft annotators
engces6527,Microsoft,Microsoft annotators
engces6528,Microsoft,Microsoft annotators
engces6529,Microsoft,Microsoft annotators
engces652a,Microsoft,Microsoft annotators
engces652b,Microsoft,Microsoft annotators
engces652c,Microsoft,Microsoft annotators
engces652d,Microsoft,Microsoft annotators
engces652e,Microsoft,Microsoft annotators
engces652f,Microsoft,Microsoft annotators
engces6530,Microsoft,Microsoft annotators
engces6531,Microsoft,Microsoft annotators
engces6532,Microsoft,Microsoft annotators
engces6533,Microsoft,Microsoft annotators
engces6534,Microsoft,Microsoft annotators
engces6535,Microsoft,Microsoft annotators
engces6536,Microsoft,Microsoft annotators
engces6537,Microsoft,Microsoft annotators
engces6538,Microsoft,Microsoft annotators
engces6539,Microsoft,Microsoft annotators
engces653a,Microsoft,Microsoft annotators
engces653b,Microsoft,Microsoft annotators
engces653c,Microsoft,Microsoft annotators
engces653d,Microsoft,Microsoft annotators
engces653e,Microsoft,Microsoft annotators
engces653f,Microsoft,Microsoft annotators
engces6540,Microsoft,Microsoft annotators
engces6541,Microsoft,Microsoft annotators
engces6542,Microsoft,Microsoft annotators
engces6543,Microsoft,Microsoft annotators
engces6544,Microsoft,Microsoft annotators
engces6545,Microsoft,Microsoft annotators
engces6546,Microsoft,Microsoft annotators
engces6547,Microsoft,Microsoft annotators
engces6548,Microsoft,Microsoft annotators
engces6549,Microsoft,Microsoft annotators
engces654a,Microsoft,Microsoft annotators
engces654b,Microsoft,Microsoft annotators
engdeu0102,AFRL,researchers
engdeu0103,AFRL,researchers
engdeu0104,AFRL,researchers
engdeu0105,AMU,linguists
engdeu0106,AMU,linguists
engdeu0107,AMU,linguists
engdeu0108,AMU,linguists
engdeu0109,AMU,linguists
engdeu010a,AMU,linguists
engdeu010b,AMU,linguists
engdeu010c,AMU,linguists
engdeu010d,AMU,linguists
engdeu010e,AMU,linguists
engdeu010f,AMU,linguists
engdeu0110,AMU,linguists
engdeu0113,eTranslation,linguists
engdeu0114,eTranslation,linguists
engdeu0115,eTranslation,linguists
engdeu0116,eTranslation,linguists
engdeu0117,eTranslation,linguists
engdeu0118,eTranslation,linguists
engdeu0201,Toloka,Toloka crowd
engdeu0202,Toloka,Toloka crowd
engdeu0209,Toloka,Toloka crowd
engdeu020b,Toloka,Toloka crowd
engdeu020c,Toloka,Toloka crowd
engdeu020e,Toloka,Toloka crowd
engdeu020f,Toloka,Toloka crowd
engdeu0210,Toloka,Toloka crowd
engdeu0211,Toloka,Toloka crowd
engdeu0212,Toloka,Toloka crowd
engdeu0213,Toloka,Toloka crowd
engdeu0214,Toloka,Toloka crowd
engdeu0216,Toloka,Toloka crowd
engdeu0217,Toloka,Toloka crowd
engdeu0218,Toloka,Toloka crowd
engdeu021a,Toloka,Toloka crowd
engdeu021d,Toloka,Toloka crowd
engdeu021e,Toloka,Toloka crowd
engdeu021f,Toloka,Toloka crowd
engdeu0222,Toloka,Toloka crowd
engdeu0225,Toloka,Toloka crowd
engdeu0229,Toloka,Toloka crowd
engdeu022c,Toloka,Toloka crowd
engdeu022e,Toloka,Toloka crowd
engdeu0230,Toloka,Toloka crowd
engdeu0232,Toloka,Toloka crowd
engdeu0402,Toloka,Toloka crowd
engdeu0404,Toloka,Toloka crowd
engdeu0408,Toloka,Toloka crowd
engdeu040d,Toloka,Toloka crowd
engdeu0412,Toloka,Toloka crowd
engdeu0415,Toloka,Toloka crowd
engdeu0416,Toloka,Toloka crowd
engdeu0417,Toloka,Toloka crowd
engdeu041c,Toloka,Toloka crowd
engdeu0421,Toloka,Toloka crowd
engdeu0424,Toloka,Toloka crowd
engdeu042b,Toloka,Toloka crowd
engdeu042d,Toloka,Toloka crowd
engdeu6501,Microsoft,Microsoft annotators
engdeu6502,Microsoft,Microsoft annotators
engdeu6503,Microsoft,Microsoft annotators
engdeu6504,Microsoft,Microsoft annotators
engdeu6505,Microsoft,Microsoft annotators
engdeu6506,Microsoft,Microsoft annotators
engdeu6507,Microsoft,Microsoft annotators
engdeu6508,Microsoft,Microsoft annotators
engdeu6509,Microsoft,Microsoft annotators
engdeu650a,Microsoft,Microsoft annotators
engdeu650b,Microsoft,Microsoft annotators
engdeu650c,Microsoft,Microsoft annotators
engdeu650d,Microsoft,Microsoft annotators
engdeu650e,Microsoft,Microsoft annotators
engdeu650f,Microsoft,Microsoft annotators
engdeu6510,Microsoft,Microsoft annotators
engdeu6511,Microsoft,Microsoft annotators
engdeu6512,Microsoft,Microsoft annotators
engdeu6513,Microsoft,Microsoft annotators
engdeu6514,Microsoft,Microsoft annotators
engdeu6515,Microsoft,Microsoft annotators
engdeu6516,Microsoft,Microsoft annotators
engdeu6517,Microsoft,Microsoft annotators
engdeu6518,Microsoft,Microsoft annotators
engdeu6519,Microsoft,Microsoft annotators
engdeu651a,Microsoft,Microsoft annotators
engdeu651b,Microsoft,Microsoft annotators
engdeu651c,Microsoft,Microsoft annotators
engdeu651d,Microsoft,Microsoft annotators
engdeu651e,Microsoft,Microsoft annotators
engdeu651f,Microsoft,Microsoft annotators
engdeu6520,Microsoft,Microsoft annotators
engdeu6521,Microsoft,Microsoft annotators
engdeu6522,Microsoft,Microsoft annotators
engdeu6523,Microsoft,Microsoft annotators
engdeu6524,Microsoft,Microsoft annotators
engdeu6525,Microsoft,Microsoft annotators
engdeu6526,Microsoft,Microsoft annotators
engdeu6527,Microsoft,Microsoft annotators
engdeu6528,Microsoft,Microsoft annotators
engdeu6529,Microsoft,Microsoft annotators
engdeu652a,Microsoft,Microsoft annotators
engdeu652b,Microsoft,Microsoft annotators
engdeu652c,Microsoft,Microsoft annotators
engdeu652d,Microsoft,Microsoft annotators
engdeu652e,Microsoft,Microsoft annotators
engdeu652f,Microsoft,Microsoft annotators
engdeu6530,Microsoft,Microsoft annotators
engdeu6531,Microsoft,Microsoft annotators
engdeu6532,Microsoft,Microsoft annotators
engdeu6533,Microsoft,Microsoft annotators
engdeu6534,Microsoft,Microsoft annotators
engdeu6535,Microsoft,Microsoft annotators
engdeu6536,Microsoft,Microsoft annotators
engdeu6537,Microsoft,Microsoft annotators
engdeu6538,Microsoft,Microsoft annotators
engdeu6539,Microsoft,Microsoft annotators
engdeu653a,Microsoft,Microsoft annotators
engdeu653b,Microsoft,Microsoft annotators
engdeu653c,Microsoft,Microsoft annotators
engdeu653d,Microsoft,Microsoft annotators
engdeu653e,Microsoft,Microsoft annotators
engdeu653f,Microsoft,Microsoft annotators
engdeu6540,Microsoft,Microsoft annotators
engdeu6541,Microsoft,Microsoft annotators
engdeu6542,Microsoft,Microsoft annotators
engdeu6543,Microsoft,Microsoft annotators
engdeu6544,Microsoft,Microsoft annotators
engdeu6545,Microsoft,Microsoft annotators
engdeu6546,Microsoft,Microsoft annotators
engdeu6547,Microsoft,Microsoft annotators
engdeu6548,Microsoft,Microsoft annotators
engdeu6549,Microsoft,Microsoft annotators
engdeu654a,Microsoft,Microsoft annotators
engdeu654b,Microsoft,Microsoft annotators
enghau0101,TWB,linguists
enghau0103,TWB,linguists
enghau010b,TWB,linguists
enghau0202,Toloka,Toloka crowd
enghau0203,Toloka,Toloka crowd
enghau020a,Toloka,Toloka crowd
enghau020c,Toloka,Toloka crowd
enghau020e,Toloka,Toloka crowd
enghau0211,Toloka,Toloka crowd
enghau0212,Toloka,Toloka crowd
enghau0213,Toloka,Toloka crowd
enghau0215,Toloka,Toloka crowd
enghau0216,Toloka,Toloka crowd
enghau0218,Toloka,Toloka crowd
enghau0219,Toloka,Toloka crowd
enghau021b,Toloka,Toloka crowd
enghau021e,Toloka,Toloka crowd
enghau021f,Toloka,Toloka crowd
enghau0220,Toloka,Toloka crowd
enghau0223,Toloka,Toloka crowd
enghau0227,Toloka,Toloka crowd
enghau0228,Toloka,Toloka crowd
enghau0229,Toloka,Toloka crowd
enghau022b,Toloka,Toloka crowd
enghau022c,Toloka,Toloka crowd
enghau022f,Toloka,Toloka crowd
enghau0232,Toloka,Toloka crowd
enghau0407,Toloka,Toloka crowd
enghau040a,Toloka,Toloka crowd
enghau040c,Toloka,Toloka crowd
enghau040d,Toloka,Toloka crowd
enghau0410,Toloka,Toloka crowd
enghau0414,Toloka,Toloka crowd
enghau0425,Toloka,Toloka crowd
enghau0427,Toloka,Toloka crowd
enghau0428,Toloka,Toloka crowd
enghau042b,Toloka,Toloka crowd
enghau042f,Toloka,Toloka crowd
enghau0430,Toloka,Toloka crowd
enghau6501,Microsoft,Microsoft annotators
enghau6502,Microsoft,Microsoft annotators
enghau6503,Microsoft,Microsoft annotators
enghau6504,Microsoft,Microsoft annotators
enghau6505,Microsoft,Microsoft annotators
enghau6506,Microsoft,Microsoft annotators
enghau6507,Microsoft,Microsoft annotators
enghau6508,Microsoft,Microsoft annotators
enghau6509,Microsoft,Microsoft annotators
enghau650a,Microsoft,Microsoft annotators
enghau650b,Microsoft,Microsoft annotators
enghau650c,Microsoft,Microsoft annotators
enghau650d,Microsoft,Microsoft annotators
enghau650e,Microsoft,Microsoft annotators
enghau650f,Microsoft,Microsoft annotators
enghau6510,Microsoft,Microsoft annotators
enghau6511,Microsoft,Microsoft annotators
enghau6512,Microsoft,Microsoft annotators
enghau6513,Microsoft,Microsoft annotators
enghau6514,Microsoft,Microsoft annotators
enghau6515,Microsoft,Microsoft annotators
enghau6516,Microsoft,Microsoft annotators
enghau6517,Microsoft,Microsoft annotators
enghau6519,Microsoft,Microsoft annotators
enghau651a,Microsoft,Microsoft annotators
enghau651b,Microsoft,Microsoft annotators
enghau651c,Microsoft,Microsoft annotators
enghau651d,Microsoft,Microsoft annotators
enghau651e,Microsoft,Microsoft annotators
enghau651f,Microsoft,Microsoft annotators
enghau6520,Microsoft,Microsoft annotators
enghau6522,Microsoft,Microsoft annotators
enghau6525,Microsoft,Microsoft annotators
enghau6528,Microsoft,Microsoft annotators
enghau6529,Microsoft,Microsoft annotators
enghau652a,Microsoft,Microsoft annotators
enghau652b,Microsoft,Microsoft annotators
enghau652c,Microsoft,Microsoft annotators
enghau652d,Microsoft,Microsoft annotators
enghau652e,Microsoft,Microsoft annotators
enghau652f,Microsoft,Microsoft annotators
enghau6530,Microsoft,Microsoft annotators
enghau6533,Microsoft,Microsoft annotators
enghau6534,Microsoft,Microsoft annotators
enghau6535,Microsoft,Microsoft annotators
enghau6536,Microsoft,Microsoft annotators
enghau6537,Microsoft,Microsoft annotators
enghau6539,Microsoft,Microsoft annotators
enghau653a,Microsoft,Microsoft annotators
enghau653b,Microsoft,Microsoft annotators
enghau653c,Microsoft,Microsoft annotators
enghau653e,Microsoft,Microsoft annotators
enghau653f,Microsoft,Microsoft annotators
enghau6540,Microsoft,Microsoft annotators
enghau6541,Microsoft,Microsoft annotators
enghau6542,Microsoft,Microsoft annotators
enghau6543,Microsoft,Microsoft annotators
enghau6544,Microsoft,Microsoft annotators
enghau6545,Microsoft,Microsoft annotators
enghau6546,Microsoft,Microsoft annotators
enghau6547,Microsoft,Microsoft annotators
enghau6548,Microsoft,Microsoft annotators
enghau6549,Microsoft,Microsoft annotators
enghau654a,Microsoft,Microsoft annotators
enghau654b,Microsoft,Microsoft annotators
engisl0101,Mideind,linguists
engisl0102,Mideind,linguists
engisl0103,Mideind,linguists
engisl0104,Mideind,linguists
engisl0105,Mideind,linguists
engisl0106,Mideind,linguists
engisl0107,Mideind,linguists
engisl0108,Mideind,linguists
engisl0109,Mideind,linguists
engisl010a,Mideind,linguists
engisl010b,Mideind,linguists
engisl010c,Mideind,linguists
engisl0201,Toloka,Toloka crowd
engisl0207,Toloka,Toloka crowd
engisl021d,Toloka,Toloka crowd
engisl0221,Toloka,Toloka crowd
engisl0229,Toloka,Toloka crowd
engisl6501,Microsoft,Microsoft annotators
engisl6502,Microsoft,Microsoft annotators
engisl6503,Microsoft,Microsoft annotators
engisl6504,Microsoft,Microsoft annotators
engisl6505,Microsoft,Microsoft annotators
engisl6506,Microsoft,Microsoft annotators
engisl6507,Microsoft,Microsoft annotators
engisl6508,Microsoft,Microsoft annotators
engisl6509,Microsoft,Microsoft annotators
engisl650a,Microsoft,Microsoft annotators
engisl650b,Microsoft,Microsoft annotators
engisl650c,Microsoft,Microsoft annotators
engisl650d,Microsoft,Microsoft annotators
engisl650e,Microsoft,Microsoft annotators
engisl650f,Microsoft,Microsoft annotators
engisl6510,Microsoft,Microsoft annotators
engisl6511,Microsoft,Microsoft annotators
engisl6512,Microsoft,Microsoft annotators
engisl6513,Microsoft,Microsoft annotators
engisl6514,Microsoft,Microsoft annotators
engisl6515,Microsoft,Microsoft annotators
engisl6516,Microsoft,Microsoft annotators
engisl6517,Microsoft,Microsoft annotators
engisl6518,Microsoft,Microsoft annotators
engisl6519,Microsoft,Microsoft annotators
engisl651a,Microsoft,Microsoft annotators
engisl651b,Microsoft,Microsoft annotators
engisl651c,Microsoft,Microsoft annotators
engisl651d,Microsoft,Microsoft annotators
engisl651e,Microsoft,Microsoft annotators
engisl651f,Microsoft,Microsoft annotators
engisl6520,Microsoft,Microsoft annotators
engisl6521,Microsoft,Microsoft annotators
engisl6522,Microsoft,Microsoft annotators
engisl6523,Microsoft,Microsoft annotators
engisl6524,Microsoft,Microsoft annotators
engisl6525,Microsoft,Microsoft annotators
engisl6526,Microsoft,Microsoft annotators
engisl6527,Microsoft,Microsoft annotators
engisl6528,Microsoft,Microsoft annotators
engisl6529,Microsoft,Microsoft annotators
engisl652a,Microsoft,Microsoft annotators
engisl652b,Microsoft,Microsoft annotators
engisl652c,Microsoft,Microsoft annotators
engisl652d,Microsoft,Microsoft annotators
engisl652e,Microsoft,Microsoft annotators
engisl652f,Microsoft,Microsoft annotators
engisl6530,Microsoft,Microsoft annotators
engisl6531,Microsoft,Microsoft annotators
engisl6532,Microsoft,Microsoft annotators
engisl6533,Microsoft,Microsoft annotators
engisl6534,Microsoft,Microsoft annotators
engisl6535,Microsoft,Microsoft annotators
engisl6536,Microsoft,Microsoft annotators
engisl6537,Microsoft,Microsoft annotators
engisl6538,Microsoft,Microsoft annotators
engisl6539,Microsoft,Microsoft annotators
engisl653a,Microsoft,Microsoft annotators
engisl653b,Microsoft,Microsoft annotators
engisl653c,Microsoft,Microsoft annotators
engisl653d,Microsoft,Microsoft annotators
engisl653e,Microsoft,Microsoft annotators
engisl653f,Microsoft,Microsoft annotators
engisl6540,Microsoft,Microsoft annotators
engisl6541,Microsoft,Microsoft annotators
engisl6542,Microsoft,Microsoft annotators
engisl6543,Microsoft,Microsoft annotators
engisl6544,Microsoft,Microsoft annotators
engisl6545,Microsoft,Microsoft annotators
engisl6546,Microsoft,Microsoft annotators
engisl6547,Microsoft,Microsoft annotators
engisl6548,Microsoft,Microsoft annotators
engisl6549,Microsoft,Microsoft annotators
engisl654a,Microsoft,Microsoft annotators
engisl654b,Microsoft,Microsoft annotators
engjpn0101,Fujitsu Japan DMATH,researchers
engjpn0102,Fujitsu Japan DMATH,researchers
engjpn0103,Fujitsu Japan DMATH,researchers
engjpn0104,Fujitsu Japan DMATH,researchers
engjpn0105,Fujitsu Japan DMATH,researchers
engjpn0106,Fujitsu Japan DMATH,researchers
engjpn0107,LISN,students
engjpn0108,LISN,students
engjpn0109,LISN,students
engjpn010a,LISN,students
engjpn010b,LISN,students
engjpn010c,LISN,students
engjpn010d,MiSS,researchers
engjpn010f,MiSS,researchers
engjpn0119,MiSS,researchers
engjpn011d,HuaweiTSC,paid annotators
engjpn011e,HuaweiTSC,paid annotators
engjpn011f,HuaweiTSC,paid annotators
engjpn0120,HuaweiTSC,paid annotators
engjpn0121,HuaweiTSC,paid annotators
engjpn0122,HuaweiTSC,paid annotators
engjpn0123,HuaweiTSC,paid annotators
engjpn0124,HuaweiTSC,paid annotators
engjpn0125,HuaweiTSC,paid annotators
engjpn0126,HuaweiTSC,paid annotators
engjpn0127,HuaweiTSC,paid annotators
engjpn0128,HuaweiTSC,paid annotators
engjpn0129,HuaweiTSC,paid annotators
engjpn012a,HuaweiTSC,paid annotators
engjpn012b,HuaweiTSC,paid annotators
engjpn012c,HuaweiTSC,paid annotators
engjpn012d,HuaweiTSC,paid annotators
engjpn012e,HuaweiTSC,paid annotators
engjpn012f,HuaweiTSC,paid annotators
engjpn0130,HuaweiTSC,paid annotators
engjpn0131,HuaweiTSC,paid annotators
engjpn0132,HuaweiTSC,paid annotators
engjpn0133,HuaweiTSC,paid annotators
engjpn0134,HuaweiTSC,paid annotators
engjpn0135,HuaweiTSC,paid annotators
engjpn0136,HuaweiTSC,paid annotators
engjpn0137,HuaweiTSC,paid annotators
engjpn0138,HuaweiTSC,paid annotators
engjpn0139,HuaweiTSC,paid annotators
engjpn013a,HuaweiTSC,paid annotators
engjpn013b,HuaweiTSC,paid annotators
engjpn013c,HuaweiTSC,paid annotators
engjpn013d,HuaweiTSC,paid annotators
engjpn013e,HuaweiTSC,paid annotators
engjpn013f,HuaweiTSC,paid annotators
engjpn0140,HuaweiTSC,paid annotators
engjpn0141,HuaweiTSC,paid annotators
engjpn0142,HuaweiTSC,paid annotators
engjpn0143,HuaweiTSC,paid annotators
engjpn0144,HuaweiTSC,paid annotators
engjpn0145,HuaweiTSC,paid annotators
engjpn0146,HuaweiTSC,paid annotators
engjpn0147,HuaweiTSC,paid annotators
engjpn0148,HuaweiTSC,paid annotators
engjpn0149,HuaweiTSC,paid annotators
engjpn014a,HuaweiTSC,paid annotators
engjpn014b,HuaweiTSC,paid annotators
engjpn014c,HuaweiTSC,paid annotators
engjpn014d,HuaweiTSC,paid annotators
engjpn014e,HuaweiTSC,paid annotators
engjpn014f,HuaweiTSC,paid annotators
engjpn0150,HuaweiTSC,paid annotators
engjpn0151,HuaweiTSC,paid annotators
engjpn0152,HuaweiTSC,paid annotators
engjpn0153,HuaweiTSC,paid annotators
engjpn0154,HuaweiTSC,paid annotators
engjpn0155,HuaweiTSC,paid annotators
engjpn0156,HuaweiTSC,paid annotators
engjpn0157,HuaweiTSC,paid annotators
engjpn0158,HuaweiTSC,paid annotators
engjpn0159,Illini,students
engjpn015a,Illini,students
engjpn015b,Illini,students
engjpn015c,Illini,students
engjpn015d,Illini,students
engjpn015e,Illini,students
engjpn015f,Illini,students
engjpn0160,Illini,students
engjpn0161,Illini,students
engjpn0162,Illini,students
engjpn0163,Illini,students
engjpn0164,Illini,students
engjpn0202,Toloka,Toloka crowd
engjpn0204,Toloka,Toloka crowd
engjpn0205,Toloka,Toloka crowd
engjpn0207,Toloka,Toloka crowd
engjpn020a,Toloka,Toloka crowd
engjpn020c,Toloka,Toloka crowd
engjpn020d,Toloka,Toloka crowd
engjpn020f,Toloka,Toloka crowd
engjpn0210,Toloka,Toloka crowd
engjpn0211,Toloka,Toloka crowd
engjpn0213,Toloka,Toloka crowd
engjpn0214,Toloka,Toloka crowd
engjpn0215,Toloka,Toloka crowd
engjpn0216,Toloka,Toloka crowd
engjpn0218,Toloka,Toloka crowd
engjpn0219,Toloka,Toloka crowd
engjpn021a,Toloka,Toloka crowd
engjpn021b,Toloka,Toloka crowd
engjpn021c,Toloka,Toloka crowd
engjpn021d,Toloka,Toloka crowd
engjpn021e,Toloka,Toloka crowd
engjpn0220,Toloka,Toloka crowd
engjpn0221,Toloka,Toloka crowd
engjpn0223,Toloka,Toloka crowd
engjpn0225,Toloka,Toloka crowd
engjpn0226,Toloka,Toloka crowd
engjpn0227,Toloka,Toloka crowd
engjpn0228,Toloka,Toloka crowd
engjpn0229,Toloka,Toloka crowd
engjpn022c,Toloka,Toloka crowd
engjpn022d,Toloka,Toloka crowd
engjpn022f,Toloka,Toloka crowd
engjpn0231,Toloka,Toloka crowd
engjpn0301,eTranslation,linguists
engjpn0305,eTranslation,linguists
engjpn0405,Toloka,Toloka crowd
engjpn040a,Toloka,Toloka crowd
engjpn040c,Toloka,Toloka crowd
engjpn040e,Toloka,Toloka crowd
engjpn0411,Toloka,Toloka crowd
engjpn0412,Toloka,Toloka crowd
engjpn0416,Toloka,Toloka crowd
engjpn041a,Toloka,Toloka crowd
engjpn0420,Toloka,Toloka crowd
engjpn042b,Toloka,Toloka crowd
engjpn042c,Toloka,Toloka crowd
engjpn042f,Toloka,Toloka crowd
engjpn0432,Toloka,Toloka crowd
engjpn6501,Microsoft,Microsoft annotators
engjpn6502,Microsoft,Microsoft annotators
engjpn6503,Microsoft,Microsoft annotators
engjpn6504,Microsoft,Microsoft annotators
engjpn6505,Microsoft,Microsoft annotators
engjpn6506,Microsoft,Microsoft annotators
engjpn6507,Microsoft,Microsoft annotators
engjpn6508,Microsoft,Microsoft annotators
engjpn6509,Microsoft,Microsoft annotators
engjpn650a,Microsoft,Microsoft annotators
engjpn650b,Microsoft,Microsoft annotators
engjpn650c,Microsoft,Microsoft annotators
engjpn650d,Microsoft,Microsoft annotators
engjpn650e,Microsoft,Microsoft annotators
engjpn650f,Microsoft,Microsoft annotators
engjpn6510,Microsoft,Microsoft annotators
engjpn6511,Microsoft,Microsoft annotators
engjpn6512,Microsoft,Microsoft annotators
engjpn6513,Microsoft,Microsoft annotators
engjpn6514,Microsoft,Microsoft annotators
engjpn6515,Microsoft,Microsoft annotators
engjpn6516,Microsoft,Microsoft annotators
engjpn6517,Microsoft,Microsoft annotators
engjpn6518,Microsoft,Microsoft annotators
engjpn6519,Microsoft,Microsoft annotators
engjpn651a,Microsoft,Microsoft annotators
engjpn651b,Microsoft,Microsoft annotators
engjpn651c,Microsoft,Microsoft annotators
engjpn651d,Microsoft,Microsoft annotators
engjpn651e,Microsoft,Microsoft annotators
engjpn651f,Microsoft,Microsoft annotators
engjpn6520,Microsoft,Microsoft annotators
engjpn6521,Microsoft,Microsoft annotators
engjpn6522,Microsoft,Microsoft annotators
engjpn6523,Microsoft,Microsoft annotators
engjpn6524,Microsoft,Microsoft annotators
engjpn6525,Microsoft,Microsoft annotators
engjpn6526,Microsoft,Microsoft annotators
engjpn6527,Microsoft,Microsoft annotators
engjpn6528,Microsoft,Microsoft annotators
engjpn6529,Microsoft,Microsoft annotators
engjpn652a,Microsoft,Microsoft annotators
engjpn652b,Microsoft,Microsoft annotators
engjpn652c,Microsoft,Microsoft annotators
engjpn652d,Microsoft,Microsoft annotators
engjpn652e,Microsoft,Microsoft annotators
engjpn652f,Microsoft,Microsoft annotators
engjpn6530,Microsoft,Microsoft annotators
engjpn6531,Microsoft,Microsoft annotators
engjpn6532,Microsoft,Microsoft annotators
engjpn6533,Microsoft,Microsoft annotators
engjpn6534,Microsoft,Microsoft annotators
engjpn6535,Microsoft,Microsoft annotators
engjpn6536,Microsoft,Microsoft annotators
engjpn6537,Microsoft,Microsoft annotators
engjpn6538,Microsoft,Microsoft annotators
engjpn6539,Microsoft,Microsoft annotators
engjpn653a,Microsoft,Microsoft annotators
engjpn653b,Microsoft,Microsoft annotators
engjpn653c,Microsoft,Microsoft annotators
engjpn653d,Microsoft,Microsoft annotators
engjpn653e,Microsoft,Microsoft annotators
engjpn653f,Microsoft,Microsoft annotators
engjpn6540,Microsoft,Microsoft annotators
engjpn6541,Microsoft,Microsoft annotators
engjpn6542,Microsoft,Microsoft annotators
engjpn6543,Microsoft,Microsoft annotators
engjpn6544,Microsoft,Microsoft annotators
engjpn6545,Microsoft,Microsoft annotators
engjpn6546,Microsoft,Microsoft annotators
engjpn6547,Microsoft,Microsoft annotators
engjpn6548,Microsoft,Microsoft annotators
engjpn6549,Microsoft,Microsoft annotators
engjpn654a,Microsoft,Microsoft annotators
engjpn654b,Microsoft,Microsoft annotators
engjpn654c,Microsoft,Microsoft annotators
engjpn654d,Microsoft,Microsoft annotators
engjpn654e,Microsoft,Microsoft annotators
engjpn654f,Microsoft,Microsoft annotators
engjpn6550,Microsoft,Microsoft annotators
engjpn6551,Microsoft,Microsoft annotators
engjpn6552,Microsoft,Microsoft annotators
engjpn6553,Microsoft,Microsoft annotators
engjpn6554,Microsoft,Microsoft annotators
engjpn6555,Microsoft,Microsoft annotators
engjpn6556,Microsoft,Microsoft annotators
engjpn6557,Microsoft,Microsoft annotators
engjpn6558,Microsoft,Microsoft annotators
engjpn6559,Microsoft,Microsoft annotators
engjpn655a,Microsoft,Microsoft annotators
engjpn655b,Microsoft,Microsoft annotators
engjpn655c,Microsoft,Microsoft annotators
engjpn655d,Microsoft,Microsoft annotators
engjpn655e,Microsoft,Microsoft annotators
engjpn655f,Microsoft,Microsoft annotators
engjpn6560,Microsoft,Microsoft annotators
engjpn6561,Microsoft,Microsoft annotators
engjpn6562,Microsoft,Microsoft annotators
engjpn6563,Microsoft,Microsoft annotators
engjpn6564,Microsoft,Microsoft annotators
engrus0101,AFRL,researchers
engrus0102,AFRL,researchers
engrus0103,talp_upc,researchers
engrus0104,talp_upc,researchers
engrus010f,uedin,linguists
engrus0110,uedin,linguists
engrus0111,uedin,linguists
engrus0112,uedin,linguists
engrus0113,uedin,linguists
engrus0114,uedin,linguists
engrus0115,uedin,linguists
engrus0116,uedin,linguists
engrus0117,uedin,linguists
engrus0118,uedin,linguists
engrus0119,uedin,linguists
engrus011a,uedin,linguists
engrus011b,NeMo,researchers
engrus011c,NeMo,researchers
engrus011d,NeMo,researchers
engrus011e,NeMo,researchers
engrus011f,NeMo,researchers
engrus0120,NeMo,researchers
engrus0121,NeMo,researchers
engrus0122,NeMo,researchers
engrus0123,NeMo,researchers
engrus0124,NeMo,researchers
engrus0125,NeMo,researchers
engrus0126,NeMo,researchers
engrus0127,NeMo,researchers
engrus0128,NeMo,researchers
engrus0129,NeMo,researchers
engrus012a,NeMo,researchers
engrus012b,NeMo,researchers
engrus012c,NeMo,researchers
engrus012d,NeMo,researchers
engrus012e,NeMo,researchers
engrus012f,NeMo,researchers
engrus0130,NeMo,researchers
engrus0131,NeMo,researchers
engrus0132,NeMo,researchers
engrus0202,Toloka,Toloka crowd
engrus0203,Toloka,Toloka crowd
engrus0204,Toloka,Toloka crowd
engrus0205,Toloka,Toloka crowd
engrus0206,Toloka,Toloka crowd
engrus0207,Toloka,Toloka crowd
engrus0208,Toloka,Toloka crowd
engrus0209,Toloka,Toloka crowd
engrus020a,Toloka,Toloka crowd
engrus020b,Toloka,Toloka crowd
engrus020d,Toloka,Toloka crowd
engrus020e,Toloka,Toloka crowd
engrus0210,Toloka,Toloka crowd
engrus0211,Toloka,Toloka crowd
engrus0213,Toloka,Toloka crowd
engrus0215,Toloka,Toloka crowd
engrus0216,Toloka,Toloka crowd
engrus0217,Toloka,Toloka crowd
engrus0218,Toloka,Toloka crowd
engrus0219,Toloka,Toloka crowd
engrus021a,Toloka,Toloka crowd
engrus021c,Toloka,Toloka crowd
engrus021d,Toloka,Toloka crowd
engrus021e,Toloka,Toloka crowd
engrus021f,Toloka,Toloka crowd
engrus0220,Toloka,Toloka crowd
engrus0224,Toloka,Toloka crowd
engrus0225,Toloka,Toloka crowd
engrus0226,Toloka,Toloka crowd
engrus0227,Toloka,Toloka crowd
engrus022a,Toloka,Toloka crowd
engrus022c,Toloka,Toloka crowd
engrus022d,Toloka,Toloka crowd
engrus022e,Toloka,Toloka crowd
engrus022f,Toloka,Toloka crowd
engrus0230,Toloka,Toloka crowd
engrus0232,Toloka,Toloka crowd
engrus0301,Allegro,researchers
engrus0302,Allegro,researchers
engrus0303,Allegro,researchers
engrus0304,Allegro,researchers
engrus0305,Allegro,researchers
engrus0306,Allegro,researchers
engrus0307,Allegro,researchers
engrus0308,Allegro,researchers
engrus0309,Allegro,researchers
engrus030a,Allegro,researchers
engrus030b,Allegro,researchers
engrus030c,Allegro,researchers
engrus030d,eTranslation,linguists
engrus030e,eTranslation,linguists
engrus030f,eTranslation,linguists
engrus0310,eTranslation,linguists
engrus0401,Toloka,Toloka crowd
engrus0403,Toloka,Toloka crowd
engrus0404,Toloka,Toloka crowd
engrus0406,Toloka,Toloka crowd
engrus0408,Toloka,Toloka crowd
engrus0409,Toloka,Toloka crowd
engrus040a,Toloka,Toloka crowd
engrus040c,Toloka,Toloka crowd
engrus040d,Toloka,Toloka crowd
engrus040f,Toloka,Toloka crowd
engrus0411,Toloka,Toloka crowd
engrus0415,Toloka,Toloka crowd
engrus0417,Toloka,Toloka crowd
engrus0418,Toloka,Toloka crowd
engrus0419,Toloka,Toloka crowd
engrus041a,Toloka,Toloka crowd
engrus041b,Toloka,Toloka crowd
engrus041c,Toloka,Toloka crowd
engrus041d,Toloka,Toloka crowd
engrus041e,Toloka,Toloka crowd
engrus0421,Toloka,Toloka crowd
engrus0422,Toloka,Toloka crowd
engrus0423,Toloka,Toloka crowd
engrus0425,Toloka,Toloka crowd
engrus0428,Toloka,Toloka crowd
engrus042c,Toloka,Toloka crowd
engrus042e,Toloka,Toloka crowd
engrus0430,Toloka,Toloka crowd
engrus0431,Toloka,Toloka crowd
engrus0432,Toloka,Toloka crowd
engrus6501,Microsoft,Microsoft annotators
engrus6502,Microsoft,Microsoft annotators
engrus6503,Microsoft,Microsoft annotators
engrus6504,Microsoft,Microsoft annotators
engrus6505,Microsoft,Microsoft annotators
engrus6506,Microsoft,Microsoft annotators
engrus6507,Microsoft,Microsoft annotators
engrus6508,Microsoft,Microsoft annotators
engrus6509,Microsoft,Microsoft annotators
engrus650a,Microsoft,Microsoft annotators
engrus650b,Microsoft,Microsoft annotators
engrus650c,Microsoft,Microsoft annotators
engrus650d,Microsoft,Microsoft annotators
engrus650e,Microsoft,Microsoft annotators
engrus650f,Microsoft,Microsoft annotators
engrus6510,Microsoft,Microsoft annotators
engrus6511,Microsoft,Microsoft annotators
engrus6512,Microsoft,Microsoft annotators
engrus6513,Microsoft,Microsoft annotators
engrus6514,Microsoft,Microsoft annotators
engrus6515,Microsoft,Microsoft annotators
engrus6516,Microsoft,Microsoft annotators
engrus6517,Microsoft,Microsoft annotators
engrus6518,Microsoft,Microsoft annotators
engrus6519,Microsoft,Microsoft annotators
engrus651a,Microsoft,Microsoft annotators
engrus651b,Microsoft,Microsoft annotators
engrus651c,Microsoft,Microsoft annotators
engrus651d,Microsoft,Microsoft annotators
engrus651e,Microsoft,Microsoft annotators
engrus651f,Microsoft,Microsoft annotators
engrus6520,Microsoft,Microsoft annotators
engrus6521,Microsoft,Microsoft annotators
engrus6522,Microsoft,Microsoft annotators
engrus6523,Microsoft,Microsoft annotators
engrus6524,Microsoft,Microsoft annotators
engrus6525,Microsoft,Microsoft annotators
engrus6526,Microsoft,Microsoft annotators
engrus6527,Microsoft,Microsoft annotators
engrus6528,Microsoft,Microsoft annotators
engrus6529,Microsoft,Microsoft annotators
engrus652a,Microsoft,Microsoft annotators
engrus652b,Microsoft,Microsoft annotators
engrus652c,Microsoft,Microsoft annotators
engrus652d,Microsoft,Microsoft annotators
engrus652e,Microsoft,Microsoft annotators
engrus652f,Microsoft,Microsoft annotators
engrus6530,Microsoft,Microsoft annotators
engrus6531,Microsoft,Microsoft annotators
engrus6532,Microsoft,Microsoft annotators
engzho0101,AFRL,researchers
engzho0102,uedin,linguists
engzho0103,uedin,linguists
engzho0104,uedin,linguists
engzho0105,uedin,linguists
engzho0106,uedin,linguists
engzho0107,uedin,linguists
engzho0108,uedin,linguists
engzho0109,uedin,linguists
engzho010a,uedin,linguists
engzho010b,uedin,linguists
engzho010c,uedin,linguists
engzho010e,LISN,students
engzho010f,LISN,students
engzho0110,LISN,students
engzho0111,LISN,students
engzho0112,LISN,students
engzho0113,LISN,students
engzho0114,ZengHuiMT ,researchers
engzho0115,ZengHuiMT ,researchers
engzho0116,ZengHuiMT ,researchers
engzho0117,ZengHuiMT ,researchers
engzho0118,ZengHuiMT ,researchers
engzho0119,ZengHuiMT ,researchers
engzho011a,ZengHuiMT ,researchers
engzho011b,ZengHuiMT ,researchers
engzho011c,ZengHuiMT ,researchers
engzho011d,ZengHuiMT ,researchers
engzho011e,ZengHuiMT ,researchers
engzho011f,ZengHuiMT ,researchers
engzho0120,Vtrans,researchers
engzho0121,Vtrans,researchers
engzho0122,Vtrans,researchers
engzho0123,Vtrans,researchers
engzho0124,Vtrans,researchers
engzho0125,Vtrans,researchers
engzho0126,Vtrans,researchers
engzho0127,Vtrans,researchers
engzho0128,Vtrans,researchers
engzho0129,Vtrans,researchers
engzho012a,Vtrans,researchers
engzho012b,Vtrans,researchers
engzho012c,Vtrans-NAT,researchers
engzho012d,Vtrans-NAT,researchers
engzho012e,Vtrans-NAT,researchers
engzho012f,Vtrans-NAT,researchers
engzho0130,Vtrans-NAT,researchers
engzho0131,Vtrans-NAT,researchers
engzho0132,Vtrans-NAT,researchers
engzho0133,Vtrans-NAT,researchers
engzho0134,Vtrans-NAT,researchers
engzho0135,Vtrans-NAT,researchers
engzho0136,Vtrans-NAT,researchers
engzho0137,Vtrans-NAT,researchers
engzho0144,MiSS,researchers
engzho0145,MiSS,researchers
engzho0146,MiSS,researchers
engzho0147,MiSS,researchers
engzho0148,MiSS,researchers
engzho0149,MiSS,researchers
engzho014a,MiSS,researchers
engzho014b,MiSS,researchers
engzho014c,HuaweiTSC,paid annotators
engzho014d,HuaweiTSC,paid annotators
engzho014e,HuaweiTSC,paid annotators
engzho014f,HuaweiTSC,paid annotators
engzho0150,HuaweiTSC,paid annotators
engzho0151,HuaweiTSC,paid annotators
engzho0152,HuaweiTSC,paid annotators
engzho0153,HuaweiTSC,paid annotators
engzho0154,HuaweiTSC,paid annotators
engzho0155,HuaweiTSC,paid annotators
engzho0156,HuaweiTSC,paid annotators
engzho0157,HuaweiTSC,paid annotators
engzho0158,HuaweiTSC,paid annotators
engzho0159,HuaweiTSC,paid annotators
engzho015a,HuaweiTSC,paid annotators
engzho015b,HuaweiTSC,paid annotators
engzho015c,HuaweiTSC,paid annotators
engzho015d,HuaweiTSC,paid annotators
engzho015e,HuaweiTSC,paid annotators
engzho015f,HuaweiTSC,paid annotators
engzho0160,HuaweiTSC,paid annotators
engzho0161,HuaweiTSC,paid annotators
engzho0162,HuaweiTSC,paid annotators
engzho0163,HuaweiTSC,paid annotators
engzho0165,Manifold,paid annotators
engzho0166,Manifold,paid annotators
engzho0167,Manifold,paid annotators
engzho0168,Manifold,paid annotators
engzho0169,Manifold,paid annotators
engzho016a,Manifold,paid annotators
engzho016b,Manifold,paid annotators
engzho016c,Manifold,paid annotators
engzho016d,Manifold,paid annotators
engzho016e,Manifold,paid annotators
engzho016f,Manifold,paid annotators
engzho0170,Manifold,paid annotators
engzho0171,Manifold,paid annotators
engzho0172,Manifold,paid annotators
engzho0173,Manifold,paid annotators
engzho0174,Manifold,paid annotators
engzho0175,Manifold,paid annotators
engzho0176,Manifold,paid annotators
engzho0177,Manifold,paid annotators
engzho0178,Manifold,paid annotators
engzho0179,Manifold,paid annotators
engzho017a,Manifold,paid annotators
engzho017b,Manifold,paid annotators
engzho017c,Manifold,paid annotators
engzho017d,Manifold,paid annotators
engzho017e,Manifold,paid annotators
engzho017f,Manifold,paid annotators
engzho0180,Manifold,paid annotators
engzho0181,Manifold,paid annotators
engzho0182,Manifold,paid annotators
engzho0183,Manifold,paid annotators
engzho0184,Manifold,paid annotators
engzho0185,Manifold,paid annotators
engzho0186,Manifold,paid annotators
engzho0187,Manifold,paid annotators
engzho0188,Manifold,paid annotators
engzho0189,Manifold,paid annotators
engzho018a,Manifold,paid annotators
engzho018b,Manifold,paid annotators
engzho018c,wechatai,researchers
engzho018d,wechatai,researchers
engzho018e,wechatai,researchers
engzho018f,wechatai,researchers
engzho0190,wechatai,researchers
engzho0191,wechatai,researchers
engzho0192,wechatai,researchers
engzho0193,wechatai,researchers
engzho0194,wechatai,researchers
engzho0195,wechatai,researchers
engzho0196,wechatai,researchers
engzho0203,Toloka,Toloka crowd
engzho0204,Toloka,Toloka crowd
engzho0205,Toloka,Toloka crowd
engzho0206,Toloka,Toloka crowd
engzho0207,Toloka,Toloka crowd
engzho0209,Toloka,Toloka crowd
engzho020a,Toloka,Toloka crowd
engzho020b,Toloka,Toloka crowd
engzho020c,Toloka,Toloka crowd
engzho020e,Toloka,Toloka crowd
engzho020f,Toloka,Toloka crowd
engzho0212,Toloka,Toloka crowd
engzho0214,Toloka,Toloka crowd
engzho0217,Toloka,Toloka crowd
engzho0218,Toloka,Toloka crowd
engzho0219,Toloka,Toloka crowd
engzho021a,Toloka,Toloka crowd
engzho021b,Toloka,Toloka crowd
engzho021c,Toloka,Toloka crowd
engzho021d,Toloka,Toloka crowd
engzho021e,Toloka,Toloka crowd
engzho0222,Toloka,Toloka crowd
engzho0223,Toloka,Toloka crowd
engzho0225,Toloka,Toloka crowd
engzho0228,Toloka,Toloka crowd
engzho0229,Toloka,Toloka crowd
engzho022d,Toloka,Toloka crowd
engzho022e,Toloka,Toloka crowd
engzho0231,Toloka,Toloka crowd
engzho0232,Toloka,Toloka crowd
engzho0301,wechatai,researchers
engzho0302,wechatai,researchers
engzho0303,wechatai,researchers
engzho0304,wechatai,researchers
engzho0305,wechatai,researchers
engzho0306,wechatai,researchers
engzho0307,wechatai,researchers
engzho0308,wechatai,researchers
engzho0309,wechatai,researchers
engzho030a,wechatai,researchers
engzho030b,wechatai,researchers
engzho030c,wechatai,researchers
engzho030d,wechatai,researchers
engzho030e,GTCOM,paid annotators
engzho030f,GTCOM,paid annotators
engzho0310,GTCOM,paid annotators
engzho0311,GTCOM,paid annotators
engzho0312,GTCOM,paid annotators
engzho0313,GTCOM,paid annotators
engzho0314,GTCOM,paid annotators
engzho0315,GTCOM,paid annotators
engzho0316,GTCOM,paid annotators
engzho0317,GTCOM,paid annotators
engzho0318,GTCOM,paid annotators
engzho0319,GTCOM,paid annotators
engzho031a,GTCOM,paid annotators
engzho031b,GTCOM,paid annotators
engzho031d,GTCOM,paid annotators
engzho0320,GTCOM,paid annotators
engzho0321,GTCOM,paid annotators
engzho0322,GTCOM,paid annotators
engzho0324,GTCOM,paid annotators
engzho0325,GTCOM,paid annotators
engzho0327,GTCOM,paid annotators
engzho0329,GTCOM,paid annotators
engzho032b,GTCOM,paid annotators
engzho032d,GTCOM,paid annotators
engzho032e,GTCOM,paid annotators
engzho0330,GTCOM,paid annotators
engzho0331,GTCOM,paid annotators
engzho0332,P3AI ,researchers
engzho0333,P3AI ,researchers
engzho0334,P3AI ,researchers
engzho0335,P3AI ,researchers
engzho0336,P3AI ,researchers
engzho0337,P3AI ,researchers
engzho0361,P3AI ,researchers
engzho0363,NiuTrans,students
engzho0364,NiuTrans,students
engzho0365,NiuTrans,students
engzho0366,NiuTrans,students
engzho0367,NiuTrans,students
engzho0368,NiuTrans,students
engzho0369,NiuTrans,students
engzho036a,NiuTrans,students
engzho036b,NiuTrans,students
engzho036c,NiuTrans,students
engzho036d,NiuTrans,students
engzho036e,NiuTrans,students
engzho036f,NiuTrans,students
engzho0370,NiuTrans,students
engzho0371,NiuTrans,students
engzho0372,NiuTrans,students
engzho0373,NiuTrans,students
engzho0374,NiuTrans,students
engzho0375,NiuTrans,students
engzho0376,NiuTrans,students
engzho0377,NiuTrans,students
engzho0378,NiuTrans,students
engzho0379,NiuTrans,students
engzho037a,NiuTrans,students
engzho037b,NiuTrans,students
engzho037c,NiuTrans,students
engzho037d,NiuTrans,students
engzho037e,NiuTrans,students
engzho037f,NiuTrans,students
engzho0383,NiuTrans,students
engzho0384,NiuTrans,students
engzho0385,NiuTrans,students
engzho0386,NiuTrans,students
engzho0387,NiuTrans,students
engzho0388,NiuTrans,students
engzho0389,NiuTrans,students
engzho038a,NiuTrans,students
engzho038b,NiuTrans,students
engzho038c,NiuTrans,students
engzho038d,NiuTrans,students
engzho038e,NiuTrans,students
engzho038f,NiuTrans,students
engzho0390,NiuTrans,students
engzho0391,NiuTrans,students
engzho0392,NiuTrans,students
engzho0393,NiuTrans,students
engzho0394,NiuTrans,students
engzho0395,NiuTrans,students
engzho0396,NiuTrans,students
engzho0397,NiuTrans,students
engzho0398,NiuTrans,students
engzho0399,NiuTrans,students
engzho039a,NiuTrans,students
engzho039b,NiuTrans,students
engzho039c,NiuTrans,students
engzho039d,NiuTrans,students
engzho039e,DiDi NLP,students
engzho039f,DiDi NLP,students
engzho03a0,DiDi NLP,students
engzho03a1,DiDi NLP,students
engzho03a2,DiDi NLP,students
engzho03a3,DiDi NLP,students
engzho03a4,wmt21_team_zero,students
engzho03a5,wmt21_team_zero,students
engzho03a6,wmt21_team_zero,students
engzho03a7,wmt21_team_zero,students
engzho03a8,wmt21_team_zero,students
engzho03a9,wmt21_team_zero,students
engzho03aa,wmt21_team_zero,students
engzho03ab,wmt21_team_zero,students
engzho03ac,wmt21_team_zero,students
engzho03ad,wmt21_team_zero,students
engzho03ae,wmt21_team_zero,students
engzho03af,wmt21_team_zero,students
engzho0403,Toloka,Toloka crowd
engzho0405,Toloka,Toloka crowd
engzho0406,Toloka,Toloka crowd
engzho040c,Toloka,Toloka crowd
engzho040d,Toloka,Toloka crowd
engzho040f,Toloka,Toloka crowd
engzho0414,Toloka,Toloka crowd
engzho0417,Toloka,Toloka crowd
engzho0418,Toloka,Toloka crowd
engzho041b,Toloka,Toloka crowd
engzho041e,Toloka,Toloka crowd
engzho041f,Toloka,Toloka crowd
engzho0422,Toloka,Toloka crowd
engzho0423,Toloka,Toloka crowd
engzho0425,Toloka,Toloka crowd
engzho0426,Toloka,Toloka crowd
engzho0427,Toloka,Toloka crowd
engzho042b,Toloka,Toloka crowd
engzho042c,Toloka,Toloka crowd
engzho042d,Toloka,Toloka crowd
engzho0431,Toloka,Toloka crowd
engzho0432,Toloka,Toloka crowd
engzho6501,Microsoft,Microsoft annotators
engzho6502,Microsoft,Microsoft annotators
engzho6503,Microsoft,Microsoft annotators
engzho6504,Microsoft,Microsoft annotators
engzho6505,Microsoft,Microsoft annotators
engzho6506,Microsoft,Microsoft annotators
engzho6507,Microsoft,Microsoft annotators
engzho6508,Microsoft,Microsoft annotators
engzho6509,Microsoft,Microsoft annotators
engzho650a,Microsoft,Microsoft annotators
engzho650b,Microsoft,Microsoft annotators
engzho650c,Microsoft,Microsoft annotators
engzho650d,Microsoft,Microsoft annotators
engzho650e,Microsoft,Microsoft annotators
engzho650f,Microsoft,Microsoft annotators
engzho6510,Microsoft,Microsoft annotators
engzho6511,Microsoft,Microsoft annotators
engzho6512,Microsoft,Microsoft annotators
engzho6513,Microsoft,Microsoft annotators
engzho6514,Microsoft,Microsoft annotators
engzho6515,Microsoft,Microsoft annotators
engzho6516,Microsoft,Microsoft annotators
engzho6517,Microsoft,Microsoft annotators
engzho6518,Microsoft,Microsoft annotators
engzho6519,Microsoft,Microsoft annotators
engzho651a,Microsoft,Microsoft annotators
engzho651b,Microsoft,Microsoft annotators
engzho651c,Microsoft,Microsoft annotators
engzho651d,Microsoft,Microsoft annotators
engzho651e,Microsoft,Microsoft annotators
engzho651f,Microsoft,Microsoft annotators
engzho6520,Microsoft,Microsoft annotators
engzho6521,Microsoft,Microsoft annotators
engzho6522,Microsoft,Microsoft annotators
engzho6523,Microsoft,Microsoft annotators
engzho6524,Microsoft,Microsoft annotators
engzho6525,Microsoft,Microsoft annotators
engzho6526,Microsoft,Microsoft annotators
engzho6527,Microsoft,Microsoft annotators
engzho6528,Microsoft,Microsoft annotators
engzho6529,Microsoft,Microsoft annotators
engzho652a,Microsoft,Microsoft annotators
engzho652b,Microsoft,Microsoft annotators
engzho652c,Microsoft,Microsoft annotators
engzho652d,Microsoft,Microsoft annotators
engzho652e,Microsoft,Microsoft annotators
engzho652f,Microsoft,Microsoft annotators
engzho6530,Microsoft,Microsoft annotators
engzho6531,Microsoft,Microsoft annotators
engzho6532,Microsoft,Microsoft annotators
engzho6533,Microsoft,Microsoft annotators
engzho6534,Microsoft,Microsoft annotators
engzho6535,Microsoft,Microsoft annotators
engzho6536,Microsoft,Microsoft annotators
engzho6537,Microsoft,Microsoft annotators
engzho6538,Microsoft,Microsoft annotators
engzho6539,Microsoft,Microsoft annotators
engzho653a,Microsoft,Microsoft annotators
engzho653b,Microsoft,Microsoft annotators
engzho653c,Microsoft,Microsoft annotators
engzho653d,Microsoft,Microsoft annotators
engzho653e,Microsoft,Microsoft annotators
engzho653f,Microsoft,Microsoft annotators
engzho6540,Microsoft,Microsoft annotators
engzho6541,Microsoft,Microsoft annotators
engzho6542,Microsoft,Microsoft annotators
engzho6543,Microsoft,Microsoft annotators
engzho6544,Microsoft,Microsoft annotators
engzho6545,Microsoft,Microsoft annotators
engzho6546,Microsoft,Microsoft annotators
engzho6547,Microsoft,Microsoft annotators
engzho6548,Microsoft,Microsoft annotators
engzho6549,Microsoft,Microsoft annotators
engzho654a,Microsoft,Microsoft annotators
engzho654b,Microsoft,Microsoft annotators
engzho654c,Microsoft,Microsoft annotators
engzho654d,Microsoft,Microsoft annotators
engzho654e,Microsoft,Microsoft annotators
engzho654f,Microsoft,Microsoft annotators
engzho6550,Microsoft,Microsoft annotators
engzho6551,Microsoft,Microsoft annotators
engzho6552,Microsoft,Microsoft annotators
engzho6553,Microsoft,Microsoft annotators
engzho6554,Microsoft,Microsoft annotators
engzho6555,Microsoft,Microsoft annotators
engzho6556,Microsoft,Microsoft annotators
engzho6557,Microsoft,Microsoft annotators
engzho6558,Microsoft,Microsoft annotators
engzho6559,Microsoft,Microsoft annotators
engzho655a,Microsoft,Microsoft annotators
engzho655b,Microsoft,Microsoft annotators
engzho655c,Microsoft,Microsoft annotators
engzho655d,Microsoft,Microsoft annotators
engzho655e,Microsoft,Microsoft annotators
engzho655f,Microsoft,Microsoft annotators
engzho6560,Microsoft,Microsoft annotators
engzho6561,Microsoft,Microsoft annotators
engzho6562,Microsoft,Microsoft annotators
engzho6563,Microsoft,Microsoft annotators
engzho6564,Microsoft,Microsoft annotators
engzho6565,Microsoft,Microsoft annotators
engzho6566,Microsoft,Microsoft annotators
engzho6567,Microsoft,Microsoft annotators
engzho6568,Microsoft,Microsoft annotators
engzho6569,Microsoft,Microsoft annotators
engzho656a,Microsoft,Microsoft annotators
engzho656b,Microsoft,Microsoft annotators
engzho656c,Microsoft,Microsoft annotators
engzho656d,Microsoft,Microsoft annotators
engzho656e,Microsoft,Microsoft annotators
engzho656f,Microsoft,Microsoft annotators
engzho6570,Microsoft,Microsoft annotators
engzho6571,Microsoft,Microsoft annotators
engzho6572,Microsoft,Microsoft annotators
engzho6573,Microsoft,Microsoft annotators
engzho6574,Microsoft,Microsoft annotators
engzho6575,Microsoft,Microsoft annotators
engzho6576,Microsoft,Microsoft annotators
engzho6577,Microsoft,Microsoft annotators
engzho6578,Microsoft,Microsoft annotators
engzho6579,Microsoft,Microsoft annotators
engzho657a,Microsoft,Microsoft annotators
engzho657b,Microsoft,Microsoft annotators
engzho657c,Microsoft,Microsoft annotators
engzho657d,Microsoft,Microsoft annotators
engzho657e,Microsoft,Microsoft annotators
engzho657f,Microsoft,Microsoft annotators
engzho6580,Microsoft,Microsoft annotators
engzho6581,Microsoft,Microsoft annotators
engzho6582,Microsoft,Microsoft annotators
engzho6583,Microsoft,Microsoft annotators
engzho6584,Microsoft,Microsoft annotators
engzho6585,Microsoft,Microsoft annotators
engzho6586,Microsoft,Microsoft annotators
engzho6587,Microsoft,Microsoft annotators
engzho6588,Microsoft,Microsoft annotators
engzho6589,Microsoft,Microsoft annotators
engzho658a,Microsoft,Microsoft annotators
engzho658b,Microsoft,Microsoft annotators
engzho658c,Microsoft,Microsoft annotators
engzho658d,Microsoft,Microsoft annotators
engzho658e,Microsoft,Microsoft annotators
engzho658f,Microsoft,Microsoft annotators
engzho6590,Microsoft,Microsoft annotators
engzho6591,Microsoft,Microsoft annotators
engzho6592,Microsoft,Microsoft annotators
engzho6593,Microsoft,Microsoft annotators
engzho6594,Microsoft,Microsoft annotators
engzho6595,Microsoft,Microsoft annotators
engzho6596,Microsoft,Microsoft annotators
fradeu0101,uedin,linguists
fradeu0102,uedin,linguists
fradeu0103,uedin,linguists
fradeu0104,uedin,linguists
fradeu0105,uedin,linguists
fradeu0106,uedin,linguists
fradeu0107,eTranslation,linguists
fradeu0132,Toloka,Toloka crowd
fradeu0404,Toloka,Toloka crowd
fradeu040c,Toloka,Toloka crowd
fradeu040d,Toloka,Toloka crowd
fradeu041b,Toloka,Toloka crowd
fradeu0421,Toloka,Toloka crowd
fradeu0422,Toloka,Toloka crowd
fradeu0429,Toloka,Toloka crowd
fradeu042c,Toloka,Toloka crowd
fradeu6501,Microsoft,Microsoft annotators
fradeu6502,Microsoft,Microsoft annotators
fradeu6503,Microsoft,Microsoft annotators
fradeu6504,Microsoft,Microsoft annotators
fradeu6505,Microsoft,Microsoft annotators
fradeu6506,Microsoft,Microsoft annotators
fradeu6507,Microsoft,Microsoft annotators
fradeu6508,Microsoft,Microsoft annotators
fradeu6509,Microsoft,Microsoft annotators
fradeu650a,Microsoft,Microsoft annotators
fradeu650b,Microsoft,Microsoft annotators
fradeu650c,Microsoft,Microsoft annotators
fradeu650d,Microsoft,Microsoft annotators
fradeu650e,Microsoft,Microsoft annotators
fradeu650f,Microsoft,Microsoft annotators
fradeu6510,Microsoft,Microsoft annotators
fradeu6511,Microsoft,Microsoft annotators
fradeu6512,Microsoft,Microsoft annotators
fradeu6513,Microsoft,Microsoft annotators
fradeu6514,Microsoft,Microsoft annotators
fradeu6515,Microsoft,Microsoft annotators
fradeu6516,Microsoft,Microsoft annotators
fradeu6517,Microsoft,Microsoft annotators
fradeu6518,Microsoft,Microsoft annotators
fradeu6519,Microsoft,Microsoft annotators
fradeu651a,Microsoft,Microsoft annotators
fradeu651b,Microsoft,Microsoft annotators
fradeu651c,Microsoft,Microsoft annotators
fradeu651d,Microsoft,Microsoft annotators
fradeu651e,Microsoft,Microsoft annotators
fradeu651f,Microsoft,Microsoft annotators
fradeu6520,Microsoft,Microsoft annotators
fradeu6521,Microsoft,Microsoft annotators
fradeu6522,Microsoft,Microsoft annotators
fradeu6523,Microsoft,Microsoft annotators
fradeu6524,Microsoft,Microsoft annotators
fradeu6525,Microsoft,Microsoft annotators
fradeu6526,Microsoft,Microsoft annotators
fradeu6527,Microsoft,Microsoft annotators
fradeu6528,Microsoft,Microsoft annotators
fradeu6529,Microsoft,Microsoft annotators
fradeu652a,Microsoft,Microsoft annotators
fradeu652b,Microsoft,Microsoft annotators
fradeu652c,Microsoft,Microsoft annotators
fradeu652d,Microsoft,Microsoft annotators
fradeu652e,Microsoft,Microsoft annotators
fradeu652f,Microsoft,Microsoft annotators
fradeu6530,Microsoft,Microsoft annotators
fradeu6531,Microsoft,Microsoft annotators
fradeu6532,Microsoft,Microsoft annotators
